"","trimestre","setor","tipo_formal","total_ocupados"
"1","2019/4T","Comércio, reparação de veículos automotores e motocicletas","formal",18293
"2","2019/4T","Indústria geral","formal",14894
"3","2019/4T","Informação, comunicação e atividades financeiras, imobiliárias, profissionais e administrativas","formal",12218
"4","2019/4T","Agricultura, pecuária, produção florestal, pesca e aquicultura","informal",11232
"5","2019/4T","Educação, saúde humana e serviços sociais","formal",10174
"6","2019/4T","Serviços domésticos","informal",9990
"7","2019/4T","Comércio, reparação de veículos automotores e motocicletas","informal",9036
"8","2019/4T","Administração pública, defesa e seguridade social ","formal",8913
"9","2019/4T","Educação, saúde humana e serviços sociais","formal",7557
"10","2019/4T","Agricultura, pecuária, produção florestal, pesca e aquicultura","informal",7152
"11","2019/4T","Construção","informal",7134
"12","2019/4T","Comércio, reparação de veículos automotores e motocicletas","informal",5556
"13","2019/4T","Agricultura, pecuária, produção florestal, pesca e aquicultura","formal",5534
"14","2019/4T","Agricultura, pecuária, produção florestal, pesca e aquicultura","formal",5363
"15","2019/4T","Agricultura, pecuária, produção florestal, pesca e aquicultura","informal",5034
"16","2019/4T","Outros Serviços","informal",4599
"17","2019/4T","Indústria geral","informal",4594
"18","2019/4T","Serviços domésticos","formal",4124
"19","2019/4T","Transporte, armazenagem e correio ","formal",3942
"20","2019/4T","Alojamento e alimentação ","formal",3713
"21","2019/4T","Alojamento e alimentação ","informal",3679
"22","2019/4T","Comércio, reparação de veículos automotores e motocicletas","formal",3432
"23","2019/4T","Transporte, armazenagem e correio ","informal",3394
"24","2019/4T","Construção","formal",3264
"25","2019/4T","Construção","informal",3220
"26","2019/4T","Educação, saúde humana e serviços sociais","formal",2775
"27","2019/4T","Comércio, reparação de veículos automotores e motocicletas","formal",2681
"28","2019/4T","Indústria geral","informal",2653
"29","2019/4T","Informação, comunicação e atividades financeiras, imobiliárias, profissionais e administrativas","informal",2459
"30","2019/4T","Alojamento e alimentação ","informal",2408
"31","2019/4T","Administração pública, defesa e seguridade social ","formal",2048
"32","2019/4T","Informação, comunicação e atividades financeiras, imobiliárias, profissionais e administrativas","formal",2020
"33","2019/4T","Outros Serviços","formal",2009
"34","2019/4T","Informação, comunicação e atividades financeiras, imobiliárias, profissionais e administrativas","informal",1859
"35","2019/4T","Outros Serviços","formal",1845
"36","2019/4T","Outros Serviços","informal",1592
"37","2019/4T","Construção","formal",1511
"38","2019/4T","Serviços domésticos","formal",1403
"39","2019/4T","Indústria geral","formal",1384
"40","2019/4T","Educação, saúde humana e serviços sociais","informal",1329
"41","2019/4T","Transporte, armazenagem e correio ","formal",1311
"42","2019/4T","Comércio, reparação de veículos automotores e motocicletas","informal",1193
"43","2019/4T","Educação, saúde humana e serviços sociais","informal",1190
"44","2019/4T","Administração pública, defesa e seguridade social ","informal",1141
"45","2019/4T","Alojamento e alimentação ","formal",1107
"46","2019/4T","Educação, saúde humana e serviços sociais","formal",1050
"47","2019/4T","Comércio, reparação de veículos automotores e motocicletas","informal",959
"48","2019/4T","Transporte, armazenagem e correio ","informal",955
"49","2019/4T","Informação, comunicação e atividades financeiras, imobiliárias, profissionais e administrativas","formal",884
"50","2019/4T","Educação, saúde humana e serviços sociais","informal",866
"51","2019/4T","Comércio, reparação de veículos automotores e motocicletas","formal",744
"52","2019/4T","Indústria geral","formal",728
"53","2019/4T","Alojamento e alimentação ","formal",723
"54","2019/4T","Administração pública, defesa e seguridade social ","formal",685
"55","2019/4T","Educação, saúde humana e serviços sociais","formal",685
"56","2019/4T","Alojamento e alimentação ","informal",630
"57","2019/4T","Informação, comunicação e atividades financeiras, imobiliárias, profissionais e administrativas","formal",598
"58","2019/4T","Educação, saúde humana e serviços sociais","formal",590
"59","2019/4T","Indústria geral","informal",567
"60","2019/4T","Agricultura, pecuária, produção florestal, pesca e aquicultura","informal",546
"61","2019/4T","Agricultura, pecuária, produção florestal, pesca e aquicultura","formal",540
"62","2019/4T","Educação, saúde humana e serviços sociais","formal",499
"63","2019/4T","Agricultura, pecuária, produção florestal, pesca e aquicultura","formal",478
"64","2019/4T","Alojamento e alimentação ","informal",427
"65","2019/4T","Indústria geral","formal",410
"66","2019/4T","Outros Serviços","formal",390
"67","2019/4T","Construção","formal",390
"68","2019/4T","Outros Serviços","formal",384
"69","2019/4T","Indústria geral","formal",343
"70","2019/4T","Construção","informal",330
"71","2019/4T","Informação, comunicação e atividades financeiras, imobiliárias, profissionais e administrativas","formal",307
"72","2019/4T","Informação, comunicação e atividades financeiras, imobiliárias, profissionais e administrativas","formal",306
"73","2019/4T","Indústria geral","formal",270
"74","2019/4T","Indústria geral","informal",262
"75","2019/4T","Construção","formal",257
"76","2019/4T","Transporte, armazenagem e correio ","formal",212
"77","2019/4T","Alojamento e alimentação ","formal",212
"78","2019/4T","Informação, comunicação e atividades financeiras, imobiliárias, profissionais e administrativas","informal",212
"79","2019/4T","Transporte, armazenagem e correio ","formal",194
"80","2019/4T","Transporte, armazenagem e correio ","formal",172
"81","2019/4T","Outros Serviços","informal",162
"82","2019/4T","Outros Serviços","informal",118
"83","2019/4T","Transporte, armazenagem e correio ","formal",117
"84","2019/4T","Serviços domésticos","informal",104
"85","2019/4T","Administração pública, defesa e seguridade social ","formal",99
"86","2019/4T","Educação, saúde humana e serviços sociais","informal",93
"87","2019/4T","Informação, comunicação e atividades financeiras, imobiliárias, profissionais e administrativas","informal",83
"88","2019/4T","Transporte, armazenagem e correio ","informal",68
"89","2019/4T","Construção","informal",68
"90","2019/4T","Outros Serviços","formal",53
"91","2019/4T","Indústria geral","formal",50
"92","2019/4T","Transporte, armazenagem e correio ","informal",44
"93","2019/4T","Administração pública, defesa e seguridade social ","informal",40
"94","2019/4T","Transporte, armazenagem e correio ","formal",38
"95","2019/4T","Indústria geral","informal",38
"96","2019/4T","Informação, comunicação e atividades financeiras, imobiliárias, profissionais e administrativas","informal",38
"97","2019/4T","Outros Serviços","formal",34
"98","2019/4T","Administração pública, defesa e seguridade social ","formal",32
"99","2019/4T","Informação, comunicação e atividades financeiras, imobiliárias, profissionais e administrativas","formal",32
"101","2020/1T","Comércio, reparação de veículos automotores e motocicletas","formal",16206
"102","2020/1T","Indústria geral","formal",13406
"103","2020/1T","Informação, comunicação e atividades financeiras, imobiliárias, profissionais e administrativas","formal",10944
"104","2020/1T","Agricultura, pecuária, produção florestal, pesca e aquicultura","informal",10135
"105","2020/1T","Educação, saúde humana e serviços sociais","formal",9340
"106","2020/1T","Serviços domésticos","informal",8736
"107","2020/1T","Administração pública, defesa e seguridade social ","formal",8043
"108","2020/1T","Comércio, reparação de veículos automotores e motocicletas","informal",7848
"109","2020/1T","Educação, saúde humana e serviços sociais","formal",6776
"110","2020/1T","Agricultura, pecuária, produção florestal, pesca e aquicultura","informal",6401
"111","2020/1T","Construção","informal",5924
"112","2020/1T","Agricultura, pecuária, produção florestal, pesca e aquicultura","formal",5009
"113","2020/1T","Comércio, reparação de veículos automotores e motocicletas","informal",4769
"114","2020/1T","Agricultura, pecuária, produção florestal, pesca e aquicultura","formal",4709
"115","2020/1T","Agricultura, pecuária, produção florestal, pesca e aquicultura","informal",4557
"116","2020/1T","Outros Serviços","informal",4033
"117","2020/1T","Indústria geral","informal",3911
"118","2020/1T","Serviços domésticos","formal",3590
"119","2020/1T","Transporte, armazenagem e correio ","formal",3567
"120","2020/1T","Alojamento e alimentação ","informal",3267
"121","2020/1T","Alojamento e alimentação ","formal",3218
"122","2020/1T","Transporte, armazenagem e correio ","informal",3121
"123","2020/1T","Comércio, reparação de veículos automotores e motocicletas","formal",3084
"124","2020/1T","Construção","formal",2818
"125","2020/1T","Construção","informal",2672
"126","2020/1T","Comércio, reparação de veículos automotores e motocicletas","formal",2409
"127","2020/1T","Informação, comunicação e atividades financeiras, imobiliárias, profissionais e administrativas","informal",2281
"128","2020/1T","Educação, saúde humana e serviços sociais","formal",2194
"129","2020/1T","Alojamento e alimentação ","informal",2099
"130","2020/1T","Indústria geral","informal",2094
"131","2020/1T","Informação, comunicação e atividades financeiras, imobiliárias, profissionais e administrativas","formal",1813
"132","2020/1T","Outros Serviços","formal",1778
"133","2020/1T","Administração pública, defesa e seguridade social ","formal",1707
"134","2020/1T","Outros Serviços","formal",1656
"135","2020/1T","Informação, comunicação e atividades financeiras, imobiliárias, profissionais e administrativas","informal",1595
"136","2020/1T","Construção","formal",1314
"137","2020/1T","Outros Serviços","informal",1313
"138","2020/1T","Indústria geral","formal",1279
"139","2020/1T","Transporte, armazenagem e correio ","formal",1200
"140","2020/1T","Serviços domésticos","formal",1174
"141","2020/1T","Educação, saúde humana e serviços sociais","informal",1064
"142","2020/1T","Educação, saúde humana e serviços sociais","informal",1040
"143","2020/1T","Administração pública, defesa e seguridade social ","informal",995
"144","2020/1T","Comércio, reparação de veículos automotores e motocicletas","informal",987
"145","2020/1T","Alojamento e alimentação ","formal",947
"146","2020/1T","Educação, saúde humana e serviços sociais","formal",905
"147","2020/1T","Comércio, reparação de veículos automotores e motocicletas","informal",885
"148","2020/1T","Informação, comunicação e atividades financeiras, imobiliárias, profissionais e administrativas","formal",854
"149","2020/1T","Transporte, armazenagem e correio ","informal",790
"150","2020/1T","Educação, saúde humana e serviços sociais","informal",731
"151","2020/1T","Alojamento e alimentação ","formal",643
"152","2020/1T","Informação, comunicação e atividades financeiras, imobiliárias, profissionais e administrativas","formal",629
"153","2020/1T","Comércio, reparação de veículos automotores e motocicletas","formal",624
"154","2020/1T","Administração pública, defesa e seguridade social ","formal",623
"155","2020/1T","Educação, saúde humana e serviços sociais","formal",615
"156","2020/1T","Indústria geral","formal",606
"157","2020/1T","Educação, saúde humana e serviços sociais","formal",490
"158","2020/1T","Indústria geral","informal",485
"159","2020/1T","Agricultura, pecuária, produção florestal, pesca e aquicultura","informal",479
"160","2020/1T","Alojamento e alimentação ","informal",470
"161","2020/1T","Agricultura, pecuária, produção florestal, pesca e aquicultura","formal",441
"162","2020/1T","Agricultura, pecuária, produção florestal, pesca e aquicultura","formal",436
"163","2020/1T","Educação, saúde humana e serviços sociais","formal",427
"164","2020/1T","Indústria geral","formal",380
"165","2020/1T","Alojamento e alimentação ","informal",366
"166","2020/1T","Outros Serviços","formal",336
"167","2020/1T","Outros Serviços","formal",317
"168","2020/1T","Construção","formal",311
"169","2020/1T","Indústria geral","formal",291
"170","2020/1T","Construção","informal",287
"171","2020/1T","Informação, comunicação e atividades financeiras, imobiliárias, profissionais e administrativas","formal",281
"172","2020/1T","Informação, comunicação e atividades financeiras, imobiliárias, profissionais e administrativas","formal",271
"173","2020/1T","Indústria geral","formal",247
"174","2020/1T","Indústria geral","informal",214
"175","2020/1T","Construção","formal",213
"176","2020/1T","Transporte, armazenagem e correio ","formal",186
"177","2020/1T","Transporte, armazenagem e correio ","formal",181
"178","2020/1T","Alojamento e alimentação ","formal",172
"179","2020/1T","Informação, comunicação e atividades financeiras, imobiliárias, profissionais e administrativas","informal",170
"180","2020/1T","Transporte, armazenagem e correio ","formal",156
"181","2020/1T","Outros Serviços","informal",145
"182","2020/1T","Serviços domésticos","informal",105
"183","2020/1T","Transporte, armazenagem e correio ","formal",99
"184","2020/1T","Educação, saúde humana e serviços sociais","informal",90
"185","2020/1T","Outros Serviços","informal",82
"186","2020/1T","Informação, comunicação e atividades financeiras, imobiliárias, profissionais e administrativas","informal",73
"187","2020/1T","Construção","informal",64
"188","2020/1T","Administração pública, defesa e seguridade social ","formal",55
"189","2020/1T","Outros Serviços","formal",55
"190","2020/1T","Transporte, armazenagem e correio ","informal",47
"191","2020/1T","Atividades mal definidas","informal",44
"192","2020/1T","Indústria geral","formal",43
"193","2020/1T","Indústria geral","informal",34
"194","2020/1T","Informação, comunicação e atividades financeiras, imobiliárias, profissionais e administrativas","formal",32
"195","2020/1T","Outros Serviços","formal",31
"196","2020/1T","Outros Serviços","informal",28
"197","2020/1T","Transporte, armazenagem e correio ","informal",27
"198","2020/1T","Informação, comunicação e atividades financeiras, imobiliárias, profissionais e administrativas","informal",27
"199","2020/1T","Transporte, armazenagem e correio ","formal",25
"201","2020/2T","Comércio, reparação de veículos automotores e motocicletas","formal",11620
"202","2020/2T","Indústria geral","formal",9672
"203","2020/2T","Informação, comunicação e atividades financeiras, imobiliárias, profissionais e administrativas","formal",8248
"204","2020/2T","Educação, saúde humana e serviços sociais","formal",7824
"205","2020/2T","Administração pública, defesa e seguridade social ","formal",6634
"206","2020/2T","Agricultura, pecuária, produção florestal, pesca e aquicultura","informal",6567
"207","2020/2T","Comércio, reparação de veículos automotores e motocicletas","informal",5070
"208","2020/2T","Educação, saúde humana e serviços sociais","formal",5053
"209","2020/2T","Serviços domésticos","informal",5027
"210","2020/2T","Agricultura, pecuária, produção florestal, pesca e aquicultura","informal",3878
"211","2020/2T","Agricultura, pecuária, produção florestal, pesca e aquicultura","formal",3820
"212","2020/2T","Construção","informal",3699
"213","2020/2T","Agricultura, pecuária, produção florestal, pesca e aquicultura","formal",3430
"214","2020/2T","Agricultura, pecuária, produção florestal, pesca e aquicultura","informal",3267
"215","2020/2T","Comércio, reparação de veículos automotores e motocicletas","informal",2859
"216","2020/2T","Outros Serviços","informal",2561
"217","2020/2T","Transporte, armazenagem e correio ","formal",2537
"218","2020/2T","Indústria geral","informal",2458
"219","2020/2T","Serviços domésticos","formal",2361
"220","2020/2T","Comércio, reparação de veículos automotores e motocicletas","formal",2332
"221","2020/2T","Transporte, armazenagem e correio ","informal",2094
"222","2020/2T","Construção","formal",1962
"223","2020/2T","Alojamento e alimentação ","informal",1910
"224","2020/2T","Alojamento e alimentação ","formal",1892
"225","2020/2T","Educação, saúde humana e serviços sociais","formal",1854
"226","2020/2T","Comércio, reparação de veículos automotores e motocicletas","formal",1837
"227","2020/2T","Construção","informal",1563
"228","2020/2T","Informação, comunicação e atividades financeiras, imobiliárias, profissionais e administrativas","informal",1551
"229","2020/2T","Informação, comunicação e atividades financeiras, imobiliárias, profissionais e administrativas","formal",1468
"230","2020/2T","Administração pública, defesa e seguridade social ","formal",1446
"231","2020/2T","Outros Serviços","formal",1174
"232","2020/2T","Outros Serviços","formal",1153
"233","2020/2T","Indústria geral","informal",1152
"234","2020/2T","Alojamento e alimentação ","informal",1038
"235","2020/2T","Indústria geral","formal",1008
"236","2020/2T","Informação, comunicação e atividades financeiras, imobiliárias, profissionais e administrativas","informal",992
"237","2020/2T","Construção","formal",975
"238","2020/2T","Transporte, armazenagem e correio ","formal",826
"239","2020/2T","Serviços domésticos","formal",741
"240","2020/2T","Outros Serviços","informal",731
"241","2020/2T","Alojamento e alimentação ","formal",721
"242","2020/2T","Educação, saúde humana e serviços sociais","formal",690
"243","2020/2T","Educação, saúde humana e serviços sociais","informal",686
"244","2020/2T","Informação, comunicação e atividades financeiras, imobiliárias, profissionais e administrativas","formal",682
"245","2020/2T","Educação, saúde humana e serviços sociais","informal",675
"246","2020/2T","Comércio, reparação de veículos automotores e motocicletas","informal",674
"247","2020/2T","Administração pública, defesa e seguridade social ","informal",653
"248","2020/2T","Comércio, reparação de veículos automotores e motocicletas","informal",601
"249","2020/2T","Educação, saúde humana e serviços sociais","formal",501
"250","2020/2T","Educação, saúde humana e serviços sociais","informal",488
"251","2020/2T","Transporte, armazenagem e correio ","informal",486
"252","2020/2T","Indústria geral","formal",480
"253","2020/2T","Administração pública, defesa e seguridade social ","formal",465
"254","2020/2T","Informação, comunicação e atividades financeiras, imobiliárias, profissionais e administrativas","formal",449
"255","2020/2T","Alojamento e alimentação ","formal",440
"256","2020/2T","Comércio, reparação de veículos automotores e motocicletas","formal",420
"257","2020/2T","Educação, saúde humana e serviços sociais","formal",352
"258","2020/2T","Agricultura, pecuária, produção florestal, pesca e aquicultura","formal",350
"259","2020/2T","Agricultura, pecuária, produção florestal, pesca e aquicultura","informal",344
"260","2020/2T","Educação, saúde humana e serviços sociais","formal",336
"261","2020/2T","Agricultura, pecuária, produção florestal, pesca e aquicultura","formal",292
"262","2020/2T","Alojamento e alimentação ","informal",287
"263","2020/2T","Indústria geral","informal",250
"264","2020/2T","Indústria geral","formal",237
"265","2020/2T","Alojamento e alimentação ","informal",232
"266","2020/2T","Informação, comunicação e atividades financeiras, imobiliárias, profissionais e administrativas","formal",231
"267","2020/2T","Outros Serviços","formal",228
"268","2020/2T","Outros Serviços","formal",218
"269","2020/2T","Construção","formal",217
"270","2020/2T","Indústria geral","formal",216
"271","2020/2T","Indústria geral","formal",208
"272","2020/2T","Informação, comunicação e atividades financeiras, imobiliárias, profissionais e administrativas","formal",198
"273","2020/2T","Construção","informal",180
"274","2020/2T","Informação, comunicação e atividades financeiras, imobiliárias, profissionais e administrativas","informal",158
"275","2020/2T","Indústria geral","informal",149
"276","2020/2T","Construção","formal",147
"277","2020/2T","Transporte, armazenagem e correio ","formal",135
"278","2020/2T","Transporte, armazenagem e correio ","formal",115
"279","2020/2T","Outros Serviços","informal",98
"280","2020/2T","Transporte, armazenagem e correio ","formal",92
"281","2020/2T","Alojamento e alimentação ","formal",88
"282","2020/2T","Transporte, armazenagem e correio ","formal",80
"283","2020/2T","Serviços domésticos","informal",62
"284","2020/2T","Educação, saúde humana e serviços sociais","informal",61
"285","2020/2T","Construção","informal",48
"286","2020/2T","Administração pública, defesa e seguridade social ","formal",43
"287","2020/2T","Outros Serviços","formal",40
"288","2020/2T","Informação, comunicação e atividades financeiras, imobiliárias, profissionais e administrativas","informal",38
"289","2020/2T","Outros Serviços","informal",38
"290","2020/2T","Transporte, armazenagem e correio ","informal",35
"291","2020/2T","Outros Serviços","formal",33
"292","2020/2T","Indústria geral","informal",30
"293","2020/2T","Indústria geral","formal",27
"294","2020/2T","Informação, comunicação e atividades financeiras, imobiliárias, profissionais e administrativas","informal",26
"295","2020/2T","Informação, comunicação e atividades financeiras, imobiliárias, profissionais e administrativas","formal",24
"296","2020/2T","Outros Serviços","formal",19
"297","2020/2T","Transporte, armazenagem e correio ","formal",18
"298","2020/2T","Administração pública, defesa e seguridade social ","informal",16
"299","2020/2T","Atividades mal definidas","formal",14
"301","2020/3T","Comércio, reparação de veículos automotores e motocicletas","formal",11132
"302","2020/3T","Indústria geral","formal",9022
"303","2020/3T","Informação, comunicação e atividades financeiras, imobiliárias, profissionais e administrativas","formal",7730
"304","2020/3T","Educação, saúde humana e serviços sociais","formal",7410
"305","2020/3T","Agricultura, pecuária, produção florestal, pesca e aquicultura","informal",7017
"306","2020/3T","Administração pública, defesa e seguridade social ","formal",6363
"307","2020/3T","Comércio, reparação de veículos automotores e motocicletas","informal",5141
"308","2020/3T","Serviços domésticos","informal",5074
"309","2020/3T","Educação, saúde humana e serviços sociais","formal",4703
"310","2020/3T","Agricultura, pecuária, produção florestal, pesca e aquicultura","informal",4100
"311","2020/3T","Construção","informal",4044
"312","2020/3T","Agricultura, pecuária, produção florestal, pesca e aquicultura","formal",3769
"313","2020/3T","Agricultura, pecuária, produção florestal, pesca e aquicultura","informal",3539
"314","2020/3T","Agricultura, pecuária, produção florestal, pesca e aquicultura","formal",3266
"315","2020/3T","Comércio, reparação de veículos automotores e motocicletas","informal",3013
"316","2020/3T","Indústria geral","informal",2549
"317","2020/3T","Outros Serviços","informal",2459
"318","2020/3T","Transporte, armazenagem e correio ","formal",2334
"319","2020/3T","Comércio, reparação de veículos automotores e motocicletas","formal",2293
"320","2020/3T","Serviços domésticos","formal",2156
"321","2020/3T","Transporte, armazenagem e correio ","informal",1969
"322","2020/3T","Construção","formal",1911
"323","2020/3T","Construção","informal",1877
"324","2020/3T","Alojamento e alimentação ","informal",1854
"325","2020/3T","Educação, saúde humana e serviços sociais","formal",1828
"326","2020/3T","Comércio, reparação de veículos automotores e motocicletas","formal",1718
"327","2020/3T","Alojamento e alimentação ","formal",1631
"328","2020/3T","Informação, comunicação e atividades financeiras, imobiliárias, profissionais e administrativas","informal",1525
"329","2020/3T","Administração pública, defesa e seguridade social ","formal",1436
"330","2020/3T","Informação, comunicação e atividades financeiras, imobiliárias, profissionais e administrativas","formal",1404
"331","2020/3T","Indústria geral","informal",1294
"332","2020/3T","Outros Serviços","formal",1148
"333","2020/3T","Outros Serviços","formal",1051
"334","2020/3T","Alojamento e alimentação ","informal",1019
"335","2020/3T","Construção","formal",945
"336","2020/3T","Informação, comunicação e atividades financeiras, imobiliárias, profissionais e administrativas","informal",930
"337","2020/3T","Indústria geral","formal",901
"338","2020/3T","Transporte, armazenagem e correio ","formal",820
"339","2020/3T","Comércio, reparação de veículos automotores e motocicletas","informal",733
"340","2020/3T","Serviços domésticos","formal",715
"341","2020/3T","Outros Serviços","informal",672
"342","2020/3T","Alojamento e alimentação ","formal",652
"343","2020/3T","Informação, comunicação e atividades financeiras, imobiliárias, profissionais e administrativas","formal",647
"344","2020/3T","Educação, saúde humana e serviços sociais","formal",646
"345","2020/3T","Administração pública, defesa e seguridade social ","informal",607
"346","2020/3T","Educação, saúde humana e serviços sociais","informal",606
"347","2020/3T","Comércio, reparação de veículos automotores e motocicletas","informal",560
"348","2020/3T","Educação, saúde humana e serviços sociais","informal",541
"349","2020/3T","Educação, saúde humana e serviços sociais","informal",516
"350","2020/3T","Educação, saúde humana e serviços sociais","formal",474
"351","2020/3T","Transporte, armazenagem e correio ","informal",457
"352","2020/3T","Administração pública, defesa e seguridade social ","formal",437
"353","2020/3T","Indústria geral","formal",436
"354","2020/3T","Informação, comunicação e atividades financeiras, imobiliárias, profissionais e administrativas","formal",408
"355","2020/3T","Comércio, reparação de veículos automotores e motocicletas","formal",396
"356","2020/3T","Alojamento e alimentação ","formal",388
"357","2020/3T","Agricultura, pecuária, produção florestal, pesca e aquicultura","informal",365
"358","2020/3T","Alojamento e alimentação ","informal",330
"359","2020/3T","Agricultura, pecuária, produção florestal, pesca e aquicultura","formal",323
"360","2020/3T","Educação, saúde humana e serviços sociais","formal",315
"361","2020/3T","Educação, saúde humana e serviços sociais","formal",303
"362","2020/3T","Agricultura, pecuária, produção florestal, pesca e aquicultura","formal",300
"363","2020/3T","Indústria geral","informal",274
"364","2020/3T","Informação, comunicação e atividades financeiras, imobiliárias, profissionais e administrativas","formal",238
"365","2020/3T","Indústria geral","formal",228
"366","2020/3T","Construção","formal",220
"367","2020/3T","Informação, comunicação e atividades financeiras, imobiliárias, profissionais e administrativas","formal",210
"368","2020/3T","Indústria geral","formal",202
"369","2020/3T","Alojamento e alimentação ","informal",198
"370","2020/3T","Indústria geral","formal",193
"371","2020/3T","Outros Serviços","formal",192
"372","2020/3T","Outros Serviços","formal",191
"373","2020/3T","Construção","informal",185
"374","2020/3T","Indústria geral","informal",164
"375","2020/3T","Construção","formal",149
"376","2020/3T","Informação, comunicação e atividades financeiras, imobiliárias, profissionais e administrativas","informal",141
"377","2020/3T","Transporte, armazenagem e correio ","formal",112
"378","2020/3T","Transporte, armazenagem e correio ","formal",92
"379","2020/3T","Transporte, armazenagem e correio ","formal",89
"380","2020/3T","Serviços domésticos","informal",79
"381","2020/3T","Alojamento e alimentação ","formal",72
"382","2020/3T","Transporte, armazenagem e correio ","formal",72
"383","2020/3T","Outros Serviços","informal",71
"384","2020/3T","Outros Serviços","informal",67
"385","2020/3T","Educação, saúde humana e serviços sociais","informal",64
"386","2020/3T","Construção","informal",61
"387","2020/3T","Administração pública, defesa e seguridade social ","formal",44
"388","2020/3T","Informação, comunicação e atividades financeiras, imobiliárias, profissionais e administrativas","informal",34
"389","2020/3T","Indústria geral","formal",33
"390","2020/3T","Informação, comunicação e atividades financeiras, imobiliárias, profissionais e administrativas","formal",32
"391","2020/3T","Transporte, armazenagem e correio ","informal",31
"392","2020/3T","Outros Serviços","formal",30
"393","2020/3T","Outros Serviços","formal",29
"394","2020/3T","Indústria geral","informal",25
"395","2020/3T","Informação, comunicação e atividades financeiras, imobiliárias, profissionais e administrativas","informal",24
"396","2020/3T","Outros Serviços","formal",20
"397","2020/3T","Transporte, armazenagem e correio ","formal",17
"398","2020/3T","Administração pública, defesa e seguridade social ","informal",17
"399","2020/3T","Transporte, armazenagem e correio ","informal",12
"401","2020/4T","Comércio, reparação de veículos automotores e motocicletas","formal",10344
"402","2020/4T","Indústria geral","formal",8340
"403","2020/4T","Informação, comunicação e atividades financeiras, imobiliárias, profissionais e administrativas","formal",7256
"404","2020/4T","Educação, saúde humana e serviços sociais","formal",6984
"405","2020/4T","Agricultura, pecuária, produção florestal, pesca e aquicultura","informal",6844
"406","2020/4T","Administração pública, defesa e seguridade social ","formal",5883
"407","2020/4T","Serviços domésticos","informal",5048
"408","2020/4T","Comércio, reparação de veículos automotores e motocicletas","informal",5036
"409","2020/4T","Educação, saúde humana e serviços sociais","formal",4341
"410","2020/4T","Construção","informal",3907
"411","2020/4T","Agricultura, pecuária, produção florestal, pesca e aquicultura","informal",3784
"412","2020/4T","Agricultura, pecuária, produção florestal, pesca e aquicultura","formal",3428
"413","2020/4T","Agricultura, pecuária, produção florestal, pesca e aquicultura","informal",3332
"414","2020/4T","Comércio, reparação de veículos automotores e motocicletas","informal",3034
"415","2020/4T","Agricultura, pecuária, produção florestal, pesca e aquicultura","formal",3013
"416","2020/4T","Indústria geral","informal",2535
"417","2020/4T","Outros Serviços","informal",2454
"418","2020/4T","Comércio, reparação de veículos automotores e motocicletas","formal",2179
"419","2020/4T","Transporte, armazenagem e correio ","formal",2149
"420","2020/4T","Transporte, armazenagem e correio ","informal",1916
"421","2020/4T","Serviços domésticos","formal",1901
"422","2020/4T","Construção","informal",1863
"423","2020/4T","Construção","formal",1854
"424","2020/4T","Alojamento e alimentação ","informal",1806
"425","2020/4T","Educação, saúde humana e serviços sociais","formal",1710
"426","2020/4T","Comércio, reparação de veículos automotores e motocicletas","formal",1601
"427","2020/4T","Alojamento e alimentação ","formal",1520
"428","2020/4T","Informação, comunicação e atividades financeiras, imobiliárias, profissionais e administrativas","informal",1519
"429","2020/4T","Informação, comunicação e atividades financeiras, imobiliárias, profissionais e administrativas","formal",1411
"430","2020/4T","Administração pública, defesa e seguridade social ","formal",1316
"431","2020/4T","Indústria geral","informal",1238
"432","2020/4T","Alojamento e alimentação ","informal",1149
"433","2020/4T","Outros Serviços","formal",1118
"434","2020/4T","Outros Serviços","formal",981
"435","2020/4T","Informação, comunicação e atividades financeiras, imobiliárias, profissionais e administrativas","informal",941
"436","2020/4T","Construção","formal",938
"437","2020/4T","Indústria geral","formal",832
"438","2020/4T","Transporte, armazenagem e correio ","formal",807
"439","2020/4T","Outros Serviços","informal",741
"440","2020/4T","Serviços domésticos","formal",688
"441","2020/4T","Comércio, reparação de veículos automotores e motocicletas","informal",681
"442","2020/4T","Alojamento e alimentação ","formal",603
"443","2020/4T","Educação, saúde humana e serviços sociais","formal",594
"444","2020/4T","Administração pública, defesa e seguridade social ","informal",585
"445","2020/4T","Educação, saúde humana e serviços sociais","informal",580
"446","2020/4T","Informação, comunicação e atividades financeiras, imobiliárias, profissionais e administrativas","formal",573
"447","2020/4T","Educação, saúde humana e serviços sociais","informal",515
"448","2020/4T","Educação, saúde humana e serviços sociais","informal",515
"449","2020/4T","Comércio, reparação de veículos automotores e motocicletas","informal",504
"450","2020/4T","Educação, saúde humana e serviços sociais","formal",490
"451","2020/4T","Transporte, armazenagem e correio ","informal",441
"452","2020/4T","Administração pública, defesa e seguridade social ","formal",414
"453","2020/4T","Informação, comunicação e atividades financeiras, imobiliárias, profissionais e administrativas","formal",400
"454","2020/4T","Comércio, reparação de veículos automotores e motocicletas","formal",375
"455","2020/4T","Indústria geral","formal",370
"456","2020/4T","Alojamento e alimentação ","formal",342
"457","2020/4T","Agricultura, pecuária, produção florestal, pesca e aquicultura","informal",328
"458","2020/4T","Alojamento e alimentação ","informal",313
"459","2020/4T","Educação, saúde humana e serviços sociais","formal",302
"460","2020/4T","Educação, saúde humana e serviços sociais","formal",302
"461","2020/4T","Agricultura, pecuária, produção florestal, pesca e aquicultura","formal",301
"462","2020/4T","Agricultura, pecuária, produção florestal, pesca e aquicultura","formal",279
"463","2020/4T","Indústria geral","formal",229
"464","2020/4T","Informação, comunicação e atividades financeiras, imobiliárias, profissionais e administrativas","formal",225
"465","2020/4T","Indústria geral","informal",225
"466","2020/4T","Construção","formal",209
"467","2020/4T","Outros Serviços","formal",192
"468","2020/4T","Construção","informal",188
"469","2020/4T","Indústria geral","formal",184
"470","2020/4T","Indústria geral","formal",174
"471","2020/4T","Informação, comunicação e atividades financeiras, imobiliárias, profissionais e administrativas","formal",173
"472","2020/4T","Outros Serviços","formal",173
"473","2020/4T","Alojamento e alimentação ","informal",172
"474","2020/4T","Indústria geral","informal",152
"475","2020/4T","Informação, comunicação e atividades financeiras, imobiliárias, profissionais e administrativas","informal",138
"476","2020/4T","Construção","formal",133
"477","2020/4T","Transporte, armazenagem e correio ","formal",119
"478","2020/4T","Transporte, armazenagem e correio ","formal",104
"479","2020/4T","Serviços domésticos","informal",99
"480","2020/4T","Alojamento e alimentação ","formal",84
"481","2020/4T","Outros Serviços","informal",75
"482","2020/4T","Transporte, armazenagem e correio ","formal",69
"483","2020/4T","Transporte, armazenagem e correio ","formal",68
"484","2020/4T","Educação, saúde humana e serviços sociais","informal",63
"485","2020/4T","Outros Serviços","informal",58
"486","2020/4T","Administração pública, defesa e seguridade social ","formal",49
"487","2020/4T","Informação, comunicação e atividades financeiras, imobiliárias, profissionais e administrativas","informal",46
"488","2020/4T","Construção","informal",44
"489","2020/4T","Atividades mal definidas","formal",35
"490","2020/4T","Indústria geral","formal",34
"491","2020/4T","Outros Serviços","formal",34
"492","2020/4T","Transporte, armazenagem e correio ","informal",34
"493","2020/4T","Outros Serviços","formal",31
"494","2020/4T","Informação, comunicação e atividades financeiras, imobiliárias, profissionais e administrativas","informal",30
"495","2020/4T","Indústria geral","informal",26
"496","2020/4T","Informação, comunicação e atividades financeiras, imobiliárias, profissionais e administrativas","formal",25
"497","2020/4T","Administração pública, defesa e seguridade social ","informal",16
"498","2020/4T","Atividades mal definidas","informal",16
"499","2020/4T","Transporte, armazenagem e correio ","formal",14
"501","2021/1T","Comércio, reparação de veículos automotores e motocicletas","formal",9626
"502","2021/1T","Indústria geral","formal",8064
"503","2021/1T","Informação, comunicação e atividades financeiras, imobiliárias, profissionais e administrativas","formal",6861
"504","2021/1T","Agricultura, pecuária, produção florestal, pesca e aquicultura","informal",6845
"505","2021/1T","Educação, saúde humana e serviços sociais","formal",6683
"506","2021/1T","Administração pública, defesa e seguridade social ","formal",5515
"507","2021/1T","Serviços domésticos","informal",4785
"508","2021/1T","Comércio, reparação de veículos automotores e motocicletas","informal",4780
"509","2021/1T","Educação, saúde humana e serviços sociais","formal",4047
"510","2021/1T","Construção","informal",3882
"511","2021/1T","Agricultura, pecuária, produção florestal, pesca e aquicultura","informal",3652
"512","2021/1T","Agricultura, pecuária, produção florestal, pesca e aquicultura","formal",3343
"513","2021/1T","Agricultura, pecuária, produção florestal, pesca e aquicultura","informal",3220
"514","2021/1T","Comércio, reparação de veículos automotores e motocicletas","informal",2782
"515","2021/1T","Agricultura, pecuária, produção florestal, pesca e aquicultura","formal",2779
"516","2021/1T","Indústria geral","informal",2346
"517","2021/1T","Outros Serviços","informal",2300
"518","2021/1T","Transporte, armazenagem e correio ","formal",2070
"519","2021/1T","Comércio, reparação de veículos automotores e motocicletas","formal",2066
"520","2021/1T","Transporte, armazenagem e correio ","informal",1874
"521","2021/1T","Serviços domésticos","formal",1855
"522","2021/1T","Alojamento e alimentação ","informal",1812
"523","2021/1T","Construção","formal",1780
"524","2021/1T","Construção","informal",1697
"525","2021/1T","Informação, comunicação e atividades financeiras, imobiliárias, profissionais e administrativas","informal",1555
"526","2021/1T","Comércio, reparação de veículos automotores e motocicletas","formal",1470
"527","2021/1T","Alojamento e alimentação ","formal",1442
"528","2021/1T","Informação, comunicação e atividades financeiras, imobiliárias, profissionais e administrativas","formal",1363
"529","2021/1T","Educação, saúde humana e serviços sociais","formal",1326
"530","2021/1T","Indústria geral","informal",1108
"531","2021/1T","Administração pública, defesa e seguridade social ","formal",1097
"532","2021/1T","Outros Serviços","formal",1068
"533","2021/1T","Alojamento e alimentação ","informal",1065
"534","2021/1T","Outros Serviços","formal",887
"535","2021/1T","Informação, comunicação e atividades financeiras, imobiliárias, profissionais e administrativas","informal",877
"536","2021/1T","Construção","formal",869
"537","2021/1T","Indústria geral","formal",816
"538","2021/1T","Transporte, armazenagem e correio ","formal",794
"539","2021/1T","Serviços domésticos","formal",687
"540","2021/1T","Comércio, reparação de veículos automotores e motocicletas","informal",652
"541","2021/1T","Outros Serviços","informal",630
"542","2021/1T","Educação, saúde humana e serviços sociais","formal",572
"543","2021/1T","Alojamento e alimentação ","formal",557
"544","2021/1T","Educação, saúde humana e serviços sociais","informal",513
"545","2021/1T","Informação, comunicação e atividades financeiras, imobiliárias, profissionais e administrativas","formal",511
"546","2021/1T","Comércio, reparação de veículos automotores e motocicletas","informal",508
"547","2021/1T","Educação, saúde humana e serviços sociais","formal",507
"548","2021/1T","Administração pública, defesa e seguridade social ","informal",497
"549","2021/1T","Educação, saúde humana e serviços sociais","informal",490
"550","2021/1T","Educação, saúde humana e serviços sociais","informal",444
"551","2021/1T","Transporte, armazenagem e correio ","informal",428
"552","2021/1T","Administração pública, defesa e seguridade social ","formal",408
"553","2021/1T","Informação, comunicação e atividades financeiras, imobiliárias, profissionais e administrativas","formal",402
"554","2021/1T","Comércio, reparação de veículos automotores e motocicletas","formal",355
"555","2021/1T","Indústria geral","formal",341
"556","2021/1T","Agricultura, pecuária, produção florestal, pesca e aquicultura","informal",324
"557","2021/1T","Educação, saúde humana e serviços sociais","formal",300
"558","2021/1T","Agricultura, pecuária, produção florestal, pesca e aquicultura","formal",289
"559","2021/1T","Alojamento e alimentação ","formal",286
"560","2021/1T","Alojamento e alimentação ","informal",275
"561","2021/1T","Agricultura, pecuária, produção florestal, pesca e aquicultura","formal",272
"562","2021/1T","Educação, saúde humana e serviços sociais","formal",252
"563","2021/1T","Indústria geral","formal",244
"564","2021/1T","Informação, comunicação e atividades financeiras, imobiliárias, profissionais e administrativas","formal",205
"565","2021/1T","Indústria geral","informal",204
"566","2021/1T","Construção","formal",185
"567","2021/1T","Informação, comunicação e atividades financeiras, imobiliárias, profissionais e administrativas","formal",182
"568","2021/1T","Construção","informal",176
"569","2021/1T","Indústria geral","formal",175
"570","2021/1T","Outros Serviços","formal",161
"571","2021/1T","Alojamento e alimentação ","informal",159
"572","2021/1T","Outros Serviços","formal",147
"573","2021/1T","Construção","formal",143
"574","2021/1T","Indústria geral","informal",138
"575","2021/1T","Indústria geral","formal",136
"576","2021/1T","Informação, comunicação e atividades financeiras, imobiliárias, profissionais e administrativas","informal",134
"577","2021/1T","Transporte, armazenagem e correio ","formal",116
"578","2021/1T","Transporte, armazenagem e correio ","formal",96
"579","2021/1T","Serviços domésticos","informal",81
"580","2021/1T","Transporte, armazenagem e correio ","formal",76
"581","2021/1T","Transporte, armazenagem e correio ","formal",69
"582","2021/1T","Alojamento e alimentação ","formal",67
"583","2021/1T","Educação, saúde humana e serviços sociais","informal",59
"584","2021/1T","Outros Serviços","informal",57
"585","2021/1T","Construção","informal",56
"586","2021/1T","Administração pública, defesa e seguridade social ","formal",52
"587","2021/1T","Outros Serviços","informal",49
"588","2021/1T","Informação, comunicação e atividades financeiras, imobiliárias, profissionais e administrativas","informal",42
"589","2021/1T","Atividades mal definidas","formal",38
"590","2021/1T","Transporte, armazenagem e correio ","informal",35
"591","2021/1T","Atividades mal definidas","informal",32
"592","2021/1T","Indústria geral","formal",31
"593","2021/1T","Informação, comunicação e atividades financeiras, imobiliárias, profissionais e administrativas","informal",30
"594","2021/1T","Outros Serviços","formal",29
"595","2021/1T","Transporte, armazenagem e correio ","informal",23
"596","2021/1T","Informação, comunicação e atividades financeiras, imobiliárias, profissionais e administrativas","formal",21
"597","2021/1T","Outros Serviços","formal",20
"598","2021/1T","Administração pública, defesa e seguridade social ","formal",17
"599","2021/1T","Indústria geral","informal",13
"601","2021/2T","Comércio, reparação de veículos automotores e motocicletas","formal",11003
"602","2021/2T","Indústria geral","formal",9376
"603","2021/2T","Agricultura, pecuária, produção florestal, pesca e aquicultura","informal",7907
"604","2021/2T","Informação, comunicação e atividades financeiras, imobiliárias, profissionais e administrativas","formal",7619
"605","2021/2T","Educação, saúde humana e serviços sociais","formal",7260
"606","2021/2T","Administração pública, defesa e seguridade social ","formal",5866
"607","2021/2T","Serviços domésticos","informal",5609
"608","2021/2T","Comércio, reparação de veículos automotores e motocicletas","informal",5480
"609","2021/2T","Educação, saúde humana e serviços sociais","formal",4503
"610","2021/2T","Construção","informal",4496
"611","2021/2T","Agricultura, pecuária, produção florestal, pesca e aquicultura","informal",4422
"612","2021/2T","Agricultura, pecuária, produção florestal, pesca e aquicultura","formal",3880
"613","2021/2T","Agricultura, pecuária, produção florestal, pesca e aquicultura","informal",3617
"614","2021/2T","Agricultura, pecuária, produção florestal, pesca e aquicultura","formal",3349
"615","2021/2T","Comércio, reparação de veículos automotores e motocicletas","informal",3149
"616","2021/2T","Indústria geral","informal",2720
"617","2021/2T","Outros Serviços","informal",2647
"618","2021/2T","Comércio, reparação de veículos automotores e motocicletas","formal",2411
"619","2021/2T","Transporte, armazenagem e correio ","formal",2389
"620","2021/2T","Transporte, armazenagem e correio ","informal",2174
"621","2021/2T","Serviços domésticos","formal",2150
"622","2021/2T","Alojamento e alimentação ","informal",2022
"623","2021/2T","Construção","formal",2018
"624","2021/2T","Construção","informal",1949
"625","2021/2T","Informação, comunicação e atividades financeiras, imobiliárias, profissionais e administrativas","informal",1744
"626","2021/2T","Alojamento e alimentação ","formal",1636
"627","2021/2T","Comércio, reparação de veículos automotores e motocicletas","formal",1552
"628","2021/2T","Educação, saúde humana e serviços sociais","formal",1547
"629","2021/2T","Informação, comunicação e atividades financeiras, imobiliárias, profissionais e administrativas","formal",1502
"630","2021/2T","Indústria geral","informal",1384
"631","2021/2T","Administração pública, defesa e seguridade social ","formal",1306
"632","2021/2T","Outros Serviços","formal",1227
"633","2021/2T","Alojamento e alimentação ","informal",1184
"634","2021/2T","Construção","formal",1043
"635","2021/2T","Informação, comunicação e atividades financeiras, imobiliárias, profissionais e administrativas","informal",1023
"636","2021/2T","Outros Serviços","formal",959
"637","2021/2T","Indústria geral","formal",925
"638","2021/2T","Transporte, armazenagem e correio ","formal",852
"639","2021/2T","Serviços domésticos","formal",775
"640","2021/2T","Comércio, reparação de veículos automotores e motocicletas","informal",700
"641","2021/2T","Educação, saúde humana e serviços sociais","formal",694
"642","2021/2T","Outros Serviços","informal",694
"643","2021/2T","Educação, saúde humana e serviços sociais","informal",650
"644","2021/2T","Alojamento e alimentação ","formal",641
"645","2021/2T","Administração pública, defesa e seguridade social ","informal",625
"646","2021/2T","Educação, saúde humana e serviços sociais","informal",614
"647","2021/2T","Educação, saúde humana e serviços sociais","informal",569
"648","2021/2T","Educação, saúde humana e serviços sociais","formal",548
"649","2021/2T","Informação, comunicação e atividades financeiras, imobiliárias, profissionais e administrativas","formal",530
"650","2021/2T","Administração pública, defesa e seguridade social ","formal",524
"651","2021/2T","Comércio, reparação de veículos automotores e motocicletas","informal",498
"652","2021/2T","Transporte, armazenagem e correio ","informal",465
"653","2021/2T","Informação, comunicação e atividades financeiras, imobiliárias, profissionais e administrativas","formal",433
"654","2021/2T","Comércio, reparação de veículos automotores e motocicletas","formal",385
"655","2021/2T","Indústria geral","formal",377
"656","2021/2T","Educação, saúde humana e serviços sociais","formal",359
"657","2021/2T","Agricultura, pecuária, produção florestal, pesca e aquicultura","informal",355
"658","2021/2T","Alojamento e alimentação ","formal",350
"659","2021/2T","Agricultura, pecuária, produção florestal, pesca e aquicultura","formal",337
"660","2021/2T","Alojamento e alimentação ","informal",324
"661","2021/2T","Agricultura, pecuária, produção florestal, pesca e aquicultura","formal",297
"662","2021/2T","Educação, saúde humana e serviços sociais","formal",261
"663","2021/2T","Indústria geral","formal",250
"664","2021/2T","Construção","formal",235
"665","2021/2T","Informação, comunicação e atividades financeiras, imobiliárias, profissionais e administrativas","formal",225
"666","2021/2T","Indústria geral","formal",220
"667","2021/2T","Indústria geral","informal",209
"668","2021/2T","Informação, comunicação e atividades financeiras, imobiliárias, profissionais e administrativas","formal",193
"669","2021/2T","Construção","informal",193
"670","2021/2T","Alojamento e alimentação ","informal",182
"671","2021/2T","Outros Serviços","formal",167
"672","2021/2T","Outros Serviços","formal",167
"673","2021/2T","Construção","formal",164
"674","2021/2T","Indústria geral","formal",146
"675","2021/2T","Indústria geral","informal",138
"676","2021/2T","Informação, comunicação e atividades financeiras, imobiliárias, profissionais e administrativas","informal",137
"677","2021/2T","Transporte, armazenagem e correio ","formal",128
"678","2021/2T","Serviços domésticos","informal",109
"679","2021/2T","Alojamento e alimentação ","formal",90
"680","2021/2T","Transporte, armazenagem e correio ","formal",89
"681","2021/2T","Transporte, armazenagem e correio ","formal",82
"682","2021/2T","Transporte, armazenagem e correio ","formal",80
"683","2021/2T","Outros Serviços","informal",73
"684","2021/2T","Educação, saúde humana e serviços sociais","informal",68
"685","2021/2T","Construção","informal",65
"686","2021/2T","Outros Serviços","informal",61
"687","2021/2T","Outros Serviços","formal",41
"688","2021/2T","Administração pública, defesa e seguridade social ","formal",40
"689","2021/2T","Atividades mal definidas","formal",40
"690","2021/2T","Informação, comunicação e atividades financeiras, imobiliárias, profissionais e administrativas","informal",40
"691","2021/2T","Indústria geral","formal",37
"692","2021/2T","Informação, comunicação e atividades financeiras, imobiliárias, profissionais e administrativas","formal",36
"693","2021/2T","Transporte, armazenagem e correio ","informal",35
"694","2021/2T","Transporte, armazenagem e correio ","informal",28
"695","2021/2T","Informação, comunicação e atividades financeiras, imobiliárias, profissionais e administrativas","informal",25
"696","2021/2T","Outros Serviços","formal",24
"697","2021/2T","Atividades mal definidas","informal",24
"698","2021/2T","Atividades mal definidas","informal",21
"699","2021/2T","Educação, saúde humana e serviços sociais","informal",19
"701","2021/3T","Comércio, reparação de veículos automotores e motocicletas","formal",13772
"702","2021/3T","Indústria geral","formal",11642
"703","2021/3T","Agricultura, pecuária, produção florestal, pesca e aquicultura","informal",10335
"704","2021/3T","Informação, comunicação e atividades financeiras, imobiliárias, profissionais e administrativas","formal",9412
"705","2021/3T","Educação, saúde humana e serviços sociais","formal",8365
"706","2021/3T","Serviços domésticos","informal",7406
"707","2021/3T","Comércio, reparação de veículos automotores e motocicletas","informal",7068
"708","2021/3T","Administração pública, defesa e seguridade social ","formal",6890
"709","2021/3T","Agricultura, pecuária, produção florestal, pesca e aquicultura","informal",5788
"710","2021/3T","Educação, saúde humana e serviços sociais","formal",5653
"711","2021/3T","Construção","informal",5536
"712","2021/3T","Agricultura, pecuária, produção florestal, pesca e aquicultura","formal",4640
"713","2021/3T","Agricultura, pecuária, produção florestal, pesca e aquicultura","formal",4408
"714","2021/3T","Comércio, reparação de veículos automotores e motocicletas","informal",4345
"715","2021/3T","Agricultura, pecuária, produção florestal, pesca e aquicultura","informal",4345
"716","2021/3T","Indústria geral","informal",3515
"717","2021/3T","Outros Serviços","informal",3392
"718","2021/3T","Transporte, armazenagem e correio ","formal",2972
"719","2021/3T","Comércio, reparação de veículos automotores e motocicletas","formal",2956
"720","2021/3T","Construção","informal",2773
"721","2021/3T","Serviços domésticos","formal",2737
"722","2021/3T","Construção","formal",2713
"723","2021/3T","Transporte, armazenagem e correio ","informal",2709
"724","2021/3T","Alojamento e alimentação ","informal",2703
"725","2021/3T","Alojamento e alimentação ","formal",2156
"726","2021/3T","Informação, comunicação e atividades financeiras, imobiliárias, profissionais e administrativas","informal",2124
"727","2021/3T","Comércio, reparação de veículos automotores e motocicletas","formal",1930
"728","2021/3T","Educação, saúde humana e serviços sociais","formal",1902
"729","2021/3T","Indústria geral","informal",1863
"730","2021/3T","Informação, comunicação e atividades financeiras, imobiliárias, profissionais e administrativas","formal",1822
"731","2021/3T","Alojamento e alimentação ","informal",1719
"732","2021/3T","Administração pública, defesa e seguridade social ","formal",1672
"733","2021/3T","Outros Serviços","formal",1501
"734","2021/3T","Informação, comunicação e atividades financeiras, imobiliárias, profissionais e administrativas","informal",1360
"735","2021/3T","Construção","formal",1349
"736","2021/3T","Indústria geral","formal",1138
"737","2021/3T","Outros Serviços","formal",1134
"738","2021/3T","Serviços domésticos","formal",1040
"739","2021/3T","Transporte, armazenagem e correio ","formal",986
"740","2021/3T","Outros Serviços","informal",878
"741","2021/3T","Alojamento e alimentação ","formal",877
"742","2021/3T","Educação, saúde humana e serviços sociais","formal",863
"743","2021/3T","Comércio, reparação de veículos automotores e motocicletas","informal",847
"744","2021/3T","Educação, saúde humana e serviços sociais","informal",821
"745","2021/3T","Educação, saúde humana e serviços sociais","informal",816
"746","2021/3T","Administração pública, defesa e seguridade social ","informal",789
"747","2021/3T","Educação, saúde humana e serviços sociais","informal",780
"748","2021/3T","Comércio, reparação de veículos automotores e motocicletas","informal",677
"749","2021/3T","Administração pública, defesa e seguridade social ","formal",653
"750","2021/3T","Transporte, armazenagem e correio ","informal",630
"751","2021/3T","Informação, comunicação e atividades financeiras, imobiliárias, profissionais e administrativas","formal",629
"752","2021/3T","Educação, saúde humana e serviços sociais","formal",617
"753","2021/3T","Comércio, reparação de veículos automotores e motocicletas","formal",533
"754","2021/3T","Informação, comunicação e atividades financeiras, imobiliárias, profissionais e administrativas","formal",529
"755","2021/3T","Agricultura, pecuária, produção florestal, pesca e aquicultura","informal",476
"756","2021/3T","Alojamento e alimentação ","formal",460
"757","2021/3T","Indústria geral","formal",447
"758","2021/3T","Educação, saúde humana e serviços sociais","formal",439
"759","2021/3T","Alojamento e alimentação ","informal",426
"760","2021/3T","Agricultura, pecuária, produção florestal, pesca e aquicultura","formal",403
"761","2021/3T","Agricultura, pecuária, produção florestal, pesca e aquicultura","formal",399
"762","2021/3T","Indústria geral","formal",365
"763","2021/3T","Indústria geral","informal",334
"764","2021/3T","Construção","formal",284
"765","2021/3T","Alojamento e alimentação ","informal",270
"766","2021/3T","Educação, saúde humana e serviços sociais","formal",265
"767","2021/3T","Construção","informal",258
"768","2021/3T","Indústria geral","formal",249
"769","2021/3T","Informação, comunicação e atividades financeiras, imobiliárias, profissionais e administrativas","formal",242
"770","2021/3T","Construção","formal",225
"771","2021/3T","Outros Serviços","formal",209
"772","2021/3T","Informação, comunicação e atividades financeiras, imobiliárias, profissionais e administrativas","formal",204
"773","2021/3T","Outros Serviços","formal",204
"774","2021/3T","Indústria geral","formal",181
"775","2021/3T","Indústria geral","informal",180
"776","2021/3T","Alojamento e alimentação ","formal",150
"777","2021/3T","Transporte, armazenagem e correio ","formal",150
"778","2021/3T","Informação, comunicação e atividades financeiras, imobiliárias, profissionais e administrativas","informal",142
"779","2021/3T","Transporte, armazenagem e correio ","formal",134
"780","2021/3T","Serviços domésticos","informal",126
"781","2021/3T","Transporte, armazenagem e correio ","formal",116
"782","2021/3T","Transporte, armazenagem e correio ","formal",98
"783","2021/3T","Outros Serviços","informal",96
"784","2021/3T","Construção","informal",93
"785","2021/3T","Outros Serviços","informal",78
"786","2021/3T","Educação, saúde humana e serviços sociais","informal",66
"787","2021/3T","Informação, comunicação e atividades financeiras, imobiliárias, profissionais e administrativas","informal",50
"788","2021/3T","Indústria geral","formal",49
"789","2021/3T","Atividades mal definidas","formal",48
"790","2021/3T","Transporte, armazenagem e correio ","informal",48
"791","2021/3T","Informação, comunicação e atividades financeiras, imobiliárias, profissionais e administrativas","formal",42
"792","2021/3T","Outros Serviços","formal",41
"793","2021/3T","Informação, comunicação e atividades financeiras, imobiliárias, profissionais e administrativas","informal",35
"794","2021/3T","Atividades mal definidas","informal",33
"795","2021/3T","Outros Serviços","formal",30
"796","2021/3T","Transporte, armazenagem e correio ","informal",29
"797","2021/3T","Educação, saúde humana e serviços sociais","informal",29
"798","2021/3T","Administração pública, defesa e seguridade social ","formal",25
"799","2021/3T","Indústria geral","informal",25
