"","trimestre","instrucao","setor","rendimento_medio_nominal"
"1","2019/4T","Sem instrução e menos de 1 ano de estudo","Agricultura, pecuária, produção florestal, pesca e aquicultura",629.9
"2","2019/4T","Fundamental incompleto ou equivalente","Agricultura, pecuária, produção florestal, pesca e aquicultura",1089.15
"3","2019/4T","Fundamental completo ou equivalente","Agricultura, pecuária, produção florestal, pesca e aquicultura",1458.76
"4","2019/4T","Médio incompleto ou equivalente","Agricultura, pecuária, produção florestal, pesca e aquicultura",1501.67
"5","2019/4T","Médio completo ou equivalente","Agricultura, pecuária, produção florestal, pesca e aquicultura",1807.72
"6","2019/4T","Superior incompleto ou equivalente","Agricultura, pecuária, produção florestal, pesca e aquicultura",3268.33
"7","2019/4T","Superior completo","Agricultura, pecuária, produção florestal, pesca e aquicultura",6613.14
"8","2019/4T","Sem instrução e menos de 1 ano de estudo","Indústria geral",999.22
"9","2019/4T","Fundamental incompleto ou equivalente","Indústria geral",1325.03
"10","2019/4T","Fundamental completo ou equivalente","Indústria geral",1520.77
"11","2019/4T","Médio incompleto ou equivalente","Indústria geral",1426.15
"12","2019/4T","Médio completo ou equivalente","Indústria geral",1905.97
"13","2019/4T","Superior incompleto ou equivalente","Indústria geral",2718.54
"14","2019/4T","Superior completo","Indústria geral",6037.49
"15","2019/4T","Sem instrução e menos de 1 ano de estudo","Construção",1081.44
"16","2019/4T","Fundamental incompleto ou equivalente","Construção",1348.75
"17","2019/4T","Fundamental completo ou equivalente","Construção",1573.66
"18","2019/4T","Médio incompleto ou equivalente","Construção",1400.86
"19","2019/4T","Médio completo ou equivalente","Construção",1799.76
"20","2019/4T","Superior incompleto ou equivalente","Construção",2232.8
"21","2019/4T","Superior completo","Construção",6281.39
"22","2019/4T","Sem instrução e menos de 1 ano de estudo","Comércio, reparação de veículos automotores e motocicletas",968.32
"23","2019/4T","Fundamental incompleto ou equivalente","Comércio, reparação de veículos automotores e motocicletas",1318.08
"24","2019/4T","Fundamental completo ou equivalente","Comércio, reparação de veículos automotores e motocicletas",1536.51
"25","2019/4T","Médio incompleto ou equivalente","Comércio, reparação de veículos automotores e motocicletas",1373.57
"26","2019/4T","Médio completo ou equivalente","Comércio, reparação de veículos automotores e motocicletas",1759.63
"27","2019/4T","Superior incompleto ou equivalente","Comércio, reparação de veículos automotores e motocicletas",2113.84
"28","2019/4T","Superior completo","Comércio, reparação de veículos automotores e motocicletas",3773.73
"29","2019/4T","Sem instrução e menos de 1 ano de estudo","Transporte, armazenagem e correio ",1224.36
"30","2019/4T","Fundamental incompleto ou equivalente","Transporte, armazenagem e correio ",1759.73
"31","2019/4T","Fundamental completo ou equivalente","Transporte, armazenagem e correio ",1975.08
"32","2019/4T","Médio incompleto ou equivalente","Transporte, armazenagem e correio ",1857.03
"33","2019/4T","Médio completo ou equivalente","Transporte, armazenagem e correio ",2125.82
"34","2019/4T","Superior incompleto ou equivalente","Transporte, armazenagem e correio ",2504.62
"35","2019/4T","Superior completo","Transporte, armazenagem e correio ",4585.68
"36","2019/4T","Sem instrução e menos de 1 ano de estudo","Informação, comunicação e atividades financeiras, imobiliárias, profissionais e administrativas",1243.57
"37","2019/4T","Fundamental incompleto ou equivalente","Informação, comunicação e atividades financeiras, imobiliárias, profissionais e administrativas",1345
"38","2019/4T","Fundamental completo ou equivalente","Informação, comunicação e atividades financeiras, imobiliárias, profissionais e administrativas",1434.05
"39","2019/4T","Médio incompleto ou equivalente","Informação, comunicação e atividades financeiras, imobiliárias, profissionais e administrativas",1486.19
"40","2019/4T","Médio completo ou equivalente","Informação, comunicação e atividades financeiras, imobiliárias, profissionais e administrativas",1840.61
"41","2019/4T","Superior incompleto ou equivalente","Informação, comunicação e atividades financeiras, imobiliárias, profissionais e administrativas",2627.96
"42","2019/4T","Superior completo","Informação, comunicação e atividades financeiras, imobiliárias, profissionais e administrativas",5759.75
"43","2019/4T","Sem instrução e menos de 1 ano de estudo","Administração pública, defesa e seguridade social ",1663.48
"44","2019/4T","Fundamental incompleto ou equivalente","Administração pública, defesa e seguridade social ",1363.61
"45","2019/4T","Fundamental completo ou equivalente","Administração pública, defesa e seguridade social ",1578.51
"46","2019/4T","Médio incompleto ou equivalente","Administração pública, defesa e seguridade social ",1356.05
"47","2019/4T","Médio completo ou equivalente","Administração pública, defesa e seguridade social ",2015.84
"48","2019/4T","Superior incompleto ou equivalente","Administração pública, defesa e seguridade social ",1930.94
"49","2019/4T","Superior completo","Administração pública, defesa e seguridade social ",5381.52
"50","2019/4T","Sem instrução e menos de 1 ano de estudo","Outros Serviços",770.29
"51","2019/4T","Fundamental incompleto ou equivalente","Outros Serviços",1004.33
"52","2019/4T","Fundamental completo ou equivalente","Outros Serviços",1165.63
"53","2019/4T","Médio incompleto ou equivalente","Outros Serviços",1065.55
"54","2019/4T","Médio completo ou equivalente","Outros Serviços",1387.54
"55","2019/4T","Superior incompleto ou equivalente","Outros Serviços",1719
"56","2019/4T","Superior completo","Outros Serviços",3361.93
"57","2019/4T","Sem instrução e menos de 1 ano de estudo","Atividades mal definidas",465.58
"58","2019/4T","Fundamental incompleto ou equivalente","Atividades mal definidas",891.26
"59","2019/4T","Fundamental completo ou equivalente","Atividades mal definidas",546.41
"60","2019/4T","Médio incompleto ou equivalente","Atividades mal definidas",1080.59
"61","2019/4T","Médio completo ou equivalente","Atividades mal definidas",1431.43
"62","2019/4T","Superior incompleto ou equivalente","Atividades mal definidas",1547.4
"63","2019/4T","Superior completo","Atividades mal definidas",2258.75
"64","2020/1T","Sem instrução e menos de 1 ano de estudo","Agricultura, pecuária, produção florestal, pesca e aquicultura",682.43
"65","2020/1T","Fundamental incompleto ou equivalente","Agricultura, pecuária, produção florestal, pesca e aquicultura",1092.98
"66","2020/1T","Fundamental completo ou equivalente","Agricultura, pecuária, produção florestal, pesca e aquicultura",1550.86
"67","2020/1T","Médio incompleto ou equivalente","Agricultura, pecuária, produção florestal, pesca e aquicultura",1592.33
"68","2020/1T","Médio completo ou equivalente","Agricultura, pecuária, produção florestal, pesca e aquicultura",1850.26
"69","2020/1T","Superior incompleto ou equivalente","Agricultura, pecuária, produção florestal, pesca e aquicultura",3458.58
"70","2020/1T","Superior completo","Agricultura, pecuária, produção florestal, pesca e aquicultura",6646.98
"71","2020/1T","Sem instrução e menos de 1 ano de estudo","Indústria geral",895.43
"72","2020/1T","Fundamental incompleto ou equivalente","Indústria geral",1367.77
"73","2020/1T","Fundamental completo ou equivalente","Indústria geral",1579.48
"74","2020/1T","Médio incompleto ou equivalente","Indústria geral",1473.02
"75","2020/1T","Médio completo ou equivalente","Indústria geral",1946.59
"76","2020/1T","Superior incompleto ou equivalente","Indústria geral",2720.9
"77","2020/1T","Superior completo","Indústria geral",6048.17
"78","2020/1T","Sem instrução e menos de 1 ano de estudo","Construção",1099.24
"79","2020/1T","Fundamental incompleto ou equivalente","Construção",1409.72
"80","2020/1T","Fundamental completo ou equivalente","Construção",1547.98
"81","2020/1T","Médio incompleto ou equivalente","Construção",1447.87
"82","2020/1T","Médio completo ou equivalente","Construção",1775.46
"83","2020/1T","Superior incompleto ou equivalente","Construção",2248.69
"84","2020/1T","Superior completo","Construção",6751.28
"85","2020/1T","Sem instrução e menos de 1 ano de estudo","Comércio, reparação de veículos automotores e motocicletas",1285.53
"86","2020/1T","Fundamental incompleto ou equivalente","Comércio, reparação de veículos automotores e motocicletas",1400.01
"87","2020/1T","Fundamental completo ou equivalente","Comércio, reparação de veículos automotores e motocicletas",1597.55
"88","2020/1T","Médio incompleto ou equivalente","Comércio, reparação de veículos automotores e motocicletas",1399.11
"89","2020/1T","Médio completo ou equivalente","Comércio, reparação de veículos automotores e motocicletas",1769.74
"90","2020/1T","Superior incompleto ou equivalente","Comércio, reparação de veículos automotores e motocicletas",2272.59
"91","2020/1T","Superior completo","Comércio, reparação de veículos automotores e motocicletas",3765.04
"92","2020/1T","Sem instrução e menos de 1 ano de estudo","Transporte, armazenagem e correio ",1327.7
"93","2020/1T","Fundamental incompleto ou equivalente","Transporte, armazenagem e correio ",1820.66
"94","2020/1T","Fundamental completo ou equivalente","Transporte, armazenagem e correio ",1973.89
"95","2020/1T","Médio incompleto ou equivalente","Transporte, armazenagem e correio ",1879.04
"96","2020/1T","Médio completo ou equivalente","Transporte, armazenagem e correio ",2132.18
"97","2020/1T","Superior incompleto ou equivalente","Transporte, armazenagem e correio ",2490.9
"98","2020/1T","Superior completo","Transporte, armazenagem e correio ",4467.28
"99","2020/1T","Sem instrução e menos de 1 ano de estudo","Informação, comunicação e atividades financeiras, imobiliárias, profissionais e administrativas",1426.5
"100","2020/1T","Fundamental incompleto ou equivalente","Informação, comunicação e atividades financeiras, imobiliárias, profissionais e administrativas",1392.8
"101","2020/1T","Fundamental completo ou equivalente","Informação, comunicação e atividades financeiras, imobiliárias, profissionais e administrativas",1582.01
"102","2020/1T","Médio incompleto ou equivalente","Informação, comunicação e atividades financeiras, imobiliárias, profissionais e administrativas",1489.35
"103","2020/1T","Médio completo ou equivalente","Informação, comunicação e atividades financeiras, imobiliárias, profissionais e administrativas",1908.8
"104","2020/1T","Superior incompleto ou equivalente","Informação, comunicação e atividades financeiras, imobiliárias, profissionais e administrativas",2423.59
"105","2020/1T","Superior completo","Informação, comunicação e atividades financeiras, imobiliárias, profissionais e administrativas",5759.11
"106","2020/1T","Sem instrução e menos de 1 ano de estudo","Administração pública, defesa e seguridade social ",1795.92
"107","2020/1T","Fundamental incompleto ou equivalente","Administração pública, defesa e seguridade social ",1430.51
"108","2020/1T","Fundamental completo ou equivalente","Administração pública, defesa e seguridade social ",1660.07
"109","2020/1T","Médio incompleto ou equivalente","Administração pública, defesa e seguridade social ",1450.8
"110","2020/1T","Médio completo ou equivalente","Administração pública, defesa e seguridade social ",2011.91
"111","2020/1T","Superior incompleto ou equivalente","Administração pública, defesa e seguridade social ",1969.17
"112","2020/1T","Superior completo","Administração pública, defesa e seguridade social ",5323.8
"113","2020/1T","Sem instrução e menos de 1 ano de estudo","Outros Serviços",778.58
"114","2020/1T","Fundamental incompleto ou equivalente","Outros Serviços",1012.17
"115","2020/1T","Fundamental completo ou equivalente","Outros Serviços",1170.36
"116","2020/1T","Médio incompleto ou equivalente","Outros Serviços",1070.23
"117","2020/1T","Médio completo ou equivalente","Outros Serviços",1393.91
"118","2020/1T","Superior incompleto ou equivalente","Outros Serviços",1822.1
"119","2020/1T","Superior completo","Outros Serviços",3347.28
"120","2020/1T","Fundamental incompleto ou equivalente","Atividades mal definidas",1158.23
"121","2020/1T","Fundamental completo ou equivalente","Atividades mal definidas",1009.26
"122","2020/1T","Médio incompleto ou equivalente","Atividades mal definidas",688.78
"123","2020/1T","Médio completo ou equivalente","Atividades mal definidas",1132.76
"124","2020/1T","Superior incompleto ou equivalente","Atividades mal definidas",3326.64
"125","2020/1T","Superior completo","Atividades mal definidas",2303.24
"126","2020/2T","Sem instrução e menos de 1 ano de estudo","Agricultura, pecuária, produção florestal, pesca e aquicultura",685.88
"127","2020/2T","Fundamental incompleto ou equivalente","Agricultura, pecuária, produção florestal, pesca e aquicultura",1117.88
"128","2020/2T","Fundamental completo ou equivalente","Agricultura, pecuária, produção florestal, pesca e aquicultura",1622.27
"129","2020/2T","Médio incompleto ou equivalente","Agricultura, pecuária, produção florestal, pesca e aquicultura",1370.77
"130","2020/2T","Médio completo ou equivalente","Agricultura, pecuária, produção florestal, pesca e aquicultura",1733.28
"131","2020/2T","Superior incompleto ou equivalente","Agricultura, pecuária, produção florestal, pesca e aquicultura",3469.52
"132","2020/2T","Superior completo","Agricultura, pecuária, produção florestal, pesca e aquicultura",6068.82
"133","2020/2T","Sem instrução e menos de 1 ano de estudo","Indústria geral",1146.59
"134","2020/2T","Fundamental incompleto ou equivalente","Indústria geral",1388.57
"135","2020/2T","Fundamental completo ou equivalente","Indústria geral",1585.81
"136","2020/2T","Médio incompleto ou equivalente","Indústria geral",1545.25
"137","2020/2T","Médio completo ou equivalente","Indústria geral",1992.2
"138","2020/2T","Superior incompleto ou equivalente","Indústria geral",2601.23
"139","2020/2T","Superior completo","Indústria geral",6063.7
"140","2020/2T","Sem instrução e menos de 1 ano de estudo","Construção",1185.57
"141","2020/2T","Fundamental incompleto ou equivalente","Construção",1393.53
"142","2020/2T","Fundamental completo ou equivalente","Construção",1609.66
"143","2020/2T","Médio incompleto ou equivalente","Construção",1507.99
"144","2020/2T","Médio completo ou equivalente","Construção",1841.78
"145","2020/2T","Superior incompleto ou equivalente","Construção",2420.15
"146","2020/2T","Superior completo","Construção",6925.02
"147","2020/2T","Sem instrução e menos de 1 ano de estudo","Comércio, reparação de veículos automotores e motocicletas",946.3
"148","2020/2T","Fundamental incompleto ou equivalente","Comércio, reparação de veículos automotores e motocicletas",1425.78
"149","2020/2T","Fundamental completo ou equivalente","Comércio, reparação de veículos automotores e motocicletas",1698.16
"150","2020/2T","Médio incompleto ou equivalente","Comércio, reparação de veículos automotores e motocicletas",1459.05
"151","2020/2T","Médio completo ou equivalente","Comércio, reparação de veículos automotores e motocicletas",1767.22
"152","2020/2T","Superior incompleto ou equivalente","Comércio, reparação de veículos automotores e motocicletas",2428.99
"153","2020/2T","Superior completo","Comércio, reparação de veículos automotores e motocicletas",3566.43
"154","2020/2T","Sem instrução e menos de 1 ano de estudo","Transporte, armazenagem e correio ",1062.09
"155","2020/2T","Fundamental incompleto ou equivalente","Transporte, armazenagem e correio ",1814.43
"156","2020/2T","Fundamental completo ou equivalente","Transporte, armazenagem e correio ",1879.51
"157","2020/2T","Médio incompleto ou equivalente","Transporte, armazenagem e correio ",1831.45
"158","2020/2T","Médio completo ou equivalente","Transporte, armazenagem e correio ",2086.05
"159","2020/2T","Superior incompleto ou equivalente","Transporte, armazenagem e correio ",2392.18
"160","2020/2T","Superior completo","Transporte, armazenagem e correio ",5287.65
"161","2020/2T","Sem instrução e menos de 1 ano de estudo","Informação, comunicação e atividades financeiras, imobiliárias, profissionais e administrativas",1873.51
"162","2020/2T","Fundamental incompleto ou equivalente","Informação, comunicação e atividades financeiras, imobiliárias, profissionais e administrativas",1468.83
"163","2020/2T","Fundamental completo ou equivalente","Informação, comunicação e atividades financeiras, imobiliárias, profissionais e administrativas",1653.98
"164","2020/2T","Médio incompleto ou equivalente","Informação, comunicação e atividades financeiras, imobiliárias, profissionais e administrativas",1585.46
"165","2020/2T","Médio completo ou equivalente","Informação, comunicação e atividades financeiras, imobiliárias, profissionais e administrativas",2009.53
"166","2020/2T","Superior incompleto ou equivalente","Informação, comunicação e atividades financeiras, imobiliárias, profissionais e administrativas",2238.41
"167","2020/2T","Superior completo","Informação, comunicação e atividades financeiras, imobiliárias, profissionais e administrativas",5295.4
"168","2020/2T","Sem instrução e menos de 1 ano de estudo","Administração pública, defesa e seguridade social ",2595.62
"169","2020/2T","Fundamental incompleto ou equivalente","Administração pública, defesa e seguridade social ",1384.91
"170","2020/2T","Fundamental completo ou equivalente","Administração pública, defesa e seguridade social ",1635.87
"171","2020/2T","Médio incompleto ou equivalente","Administração pública, defesa e seguridade social ",1458.63
"172","2020/2T","Médio completo ou equivalente","Administração pública, defesa e seguridade social ",2064.92
"173","2020/2T","Superior incompleto ou equivalente","Administração pública, defesa e seguridade social ",2100.74
"174","2020/2T","Superior completo","Administração pública, defesa e seguridade social ",5253.82
"175","2020/2T","Sem instrução e menos de 1 ano de estudo","Outros Serviços",883.92
"176","2020/2T","Fundamental incompleto ou equivalente","Outros Serviços",1026.71
"177","2020/2T","Fundamental completo ou equivalente","Outros Serviços",1161.54
"178","2020/2T","Médio incompleto ou equivalente","Outros Serviços",1197.39
"179","2020/2T","Médio completo ou equivalente","Outros Serviços",1398.15
"180","2020/2T","Superior incompleto ou equivalente","Outros Serviços",1955.08
"181","2020/2T","Superior completo","Outros Serviços",3494.82
"182","2020/2T","Sem instrução e menos de 1 ano de estudo","Atividades mal definidas",1000
"183","2020/2T","Fundamental incompleto ou equivalente","Atividades mal definidas",888.05
"184","2020/2T","Fundamental completo ou equivalente","Atividades mal definidas",1178.08
"185","2020/2T","Médio incompleto ou equivalente","Atividades mal definidas",980
"186","2020/2T","Médio completo ou equivalente","Atividades mal definidas",2648.31
"187","2020/2T","Superior incompleto ou equivalente","Atividades mal definidas",1700
"188","2020/2T","Superior completo","Atividades mal definidas",2496.19
"189","2020/3T","Sem instrução e menos de 1 ano de estudo","Agricultura, pecuária, produção florestal, pesca e aquicultura",705.44
"190","2020/3T","Fundamental incompleto ou equivalente","Agricultura, pecuária, produção florestal, pesca e aquicultura",1158.4
"191","2020/3T","Fundamental completo ou equivalente","Agricultura, pecuária, produção florestal, pesca e aquicultura",1649.54
"192","2020/3T","Médio incompleto ou equivalente","Agricultura, pecuária, produção florestal, pesca e aquicultura",1373.18
"193","2020/3T","Médio completo ou equivalente","Agricultura, pecuária, produção florestal, pesca e aquicultura",1766.34
"194","2020/3T","Superior incompleto ou equivalente","Agricultura, pecuária, produção florestal, pesca e aquicultura",3044.72
"195","2020/3T","Superior completo","Agricultura, pecuária, produção florestal, pesca e aquicultura",6012.29
"196","2020/3T","Sem instrução e menos de 1 ano de estudo","Indústria geral",1097.14
"197","2020/3T","Fundamental incompleto ou equivalente","Indústria geral",1397.11
"198","2020/3T","Fundamental completo ou equivalente","Indústria geral",1551.07
"199","2020/3T","Médio incompleto ou equivalente","Indústria geral",1509.08
"200","2020/3T","Médio completo ou equivalente","Indústria geral",1973.63
"201","2020/3T","Superior incompleto ou equivalente","Indústria geral",2827.11
"202","2020/3T","Superior completo","Indústria geral",6464.74
"203","2020/3T","Sem instrução e menos de 1 ano de estudo","Construção",1220.53
"204","2020/3T","Fundamental incompleto ou equivalente","Construção",1374.29
"205","2020/3T","Fundamental completo ou equivalente","Construção",1519.22
"206","2020/3T","Médio incompleto ou equivalente","Construção",1532.57
"207","2020/3T","Médio completo ou equivalente","Construção",1804.66
"208","2020/3T","Superior incompleto ou equivalente","Construção",2175.65
"209","2020/3T","Superior completo","Construção",6455.87
"210","2020/3T","Sem instrução e menos de 1 ano de estudo","Comércio, reparação de veículos automotores e motocicletas",1087.62
"211","2020/3T","Fundamental incompleto ou equivalente","Comércio, reparação de veículos automotores e motocicletas",1446.13
"212","2020/3T","Fundamental completo ou equivalente","Comércio, reparação de veículos automotores e motocicletas",1807.46
"213","2020/3T","Médio incompleto ou equivalente","Comércio, reparação de veículos automotores e motocicletas",1463.63
"214","2020/3T","Médio completo ou equivalente","Comércio, reparação de veículos automotores e motocicletas",1763.51
"215","2020/3T","Superior incompleto ou equivalente","Comércio, reparação de veículos automotores e motocicletas",2457.89
"216","2020/3T","Superior completo","Comércio, reparação de veículos automotores e motocicletas",3811.4
"217","2020/3T","Sem instrução e menos de 1 ano de estudo","Transporte, armazenagem e correio ",911.61
"218","2020/3T","Fundamental incompleto ou equivalente","Transporte, armazenagem e correio ",1883.79
"219","2020/3T","Fundamental completo ou equivalente","Transporte, armazenagem e correio ",1976.5
"220","2020/3T","Médio incompleto ou equivalente","Transporte, armazenagem e correio ",1792
"221","2020/3T","Médio completo ou equivalente","Transporte, armazenagem e correio ",2089.83
"222","2020/3T","Superior incompleto ou equivalente","Transporte, armazenagem e correio ",2197.88
"223","2020/3T","Superior completo","Transporte, armazenagem e correio ",4128.69
"224","2020/3T","Sem instrução e menos de 1 ano de estudo","Informação, comunicação e atividades financeiras, imobiliárias, profissionais e administrativas",1662.81
"225","2020/3T","Fundamental incompleto ou equivalente","Informação, comunicação e atividades financeiras, imobiliárias, profissionais e administrativas",1465.25
"226","2020/3T","Fundamental completo ou equivalente","Informação, comunicação e atividades financeiras, imobiliárias, profissionais e administrativas",1491.26
"227","2020/3T","Médio incompleto ou equivalente","Informação, comunicação e atividades financeiras, imobiliárias, profissionais e administrativas",1608.53
"228","2020/3T","Médio completo ou equivalente","Informação, comunicação e atividades financeiras, imobiliárias, profissionais e administrativas",2055.15
"229","2020/3T","Superior incompleto ou equivalente","Informação, comunicação e atividades financeiras, imobiliárias, profissionais e administrativas",2620.7
"230","2020/3T","Superior completo","Informação, comunicação e atividades financeiras, imobiliárias, profissionais e administrativas",5701.6
"231","2020/3T","Sem instrução e menos de 1 ano de estudo","Administração pública, defesa e seguridade social ",1870.24
"232","2020/3T","Fundamental incompleto ou equivalente","Administração pública, defesa e seguridade social ",1428.27
"233","2020/3T","Fundamental completo ou equivalente","Administração pública, defesa e seguridade social ",1616.44
"234","2020/3T","Médio incompleto ou equivalente","Administração pública, defesa e seguridade social ",1432.46
"235","2020/3T","Médio completo ou equivalente","Administração pública, defesa e seguridade social ",2143.15
"236","2020/3T","Superior incompleto ou equivalente","Administração pública, defesa e seguridade social ",2138.28
"237","2020/3T","Superior completo","Administração pública, defesa e seguridade social ",5410.94
"238","2020/3T","Sem instrução e menos de 1 ano de estudo","Outros Serviços",852.78
"239","2020/3T","Fundamental incompleto ou equivalente","Outros Serviços",991.75
"240","2020/3T","Fundamental completo ou equivalente","Outros Serviços",1161.5
"241","2020/3T","Médio incompleto ou equivalente","Outros Serviços",1090.47
"242","2020/3T","Médio completo ou equivalente","Outros Serviços",1337.21
"243","2020/3T","Superior incompleto ou equivalente","Outros Serviços",1832.57
"244","2020/3T","Superior completo","Outros Serviços",3066.36
"245","2020/3T","Fundamental incompleto ou equivalente","Atividades mal definidas",662.13
"246","2020/3T","Fundamental completo ou equivalente","Atividades mal definidas",2000
"247","2020/3T","Médio incompleto ou equivalente","Atividades mal definidas",852.7
"248","2020/3T","Médio completo ou equivalente","Atividades mal definidas",1111.63
"249","2020/3T","Superior completo","Atividades mal definidas",2000
"250","2020/4T","Sem instrução e menos de 1 ano de estudo","Agricultura, pecuária, produção florestal, pesca e aquicultura",735.18
"251","2020/4T","Fundamental incompleto ou equivalente","Agricultura, pecuária, produção florestal, pesca e aquicultura",1197.36
"252","2020/4T","Fundamental completo ou equivalente","Agricultura, pecuária, produção florestal, pesca e aquicultura",1637.56
"253","2020/4T","Médio incompleto ou equivalente","Agricultura, pecuária, produção florestal, pesca e aquicultura",1513.46
"254","2020/4T","Médio completo ou equivalente","Agricultura, pecuária, produção florestal, pesca e aquicultura",1753.26
"255","2020/4T","Superior incompleto ou equivalente","Agricultura, pecuária, produção florestal, pesca e aquicultura",2873.55
"256","2020/4T","Superior completo","Agricultura, pecuária, produção florestal, pesca e aquicultura",5136.89
"257","2020/4T","Sem instrução e menos de 1 ano de estudo","Indústria geral",1069.18
"258","2020/4T","Fundamental incompleto ou equivalente","Indústria geral",1426.47
"259","2020/4T","Fundamental completo ou equivalente","Indústria geral",1549.71
"260","2020/4T","Médio incompleto ou equivalente","Indústria geral",1413.46
"261","2020/4T","Médio completo ou equivalente","Indústria geral",1969.53
"262","2020/4T","Superior incompleto ou equivalente","Indústria geral",2798
"263","2020/4T","Superior completo","Indústria geral",6142.21
"264","2020/4T","Sem instrução e menos de 1 ano de estudo","Construção",1163.5
"265","2020/4T","Fundamental incompleto ou equivalente","Construção",1381.38
"266","2020/4T","Fundamental completo ou equivalente","Construção",1489.92
"267","2020/4T","Médio incompleto ou equivalente","Construção",1440.98
"268","2020/4T","Médio completo ou equivalente","Construção",1819.3
"269","2020/4T","Superior incompleto ou equivalente","Construção",2195.87
"270","2020/4T","Superior completo","Construção",5174.69
"271","2020/4T","Sem instrução e menos de 1 ano de estudo","Comércio, reparação de veículos automotores e motocicletas",1064.51
"272","2020/4T","Fundamental incompleto ou equivalente","Comércio, reparação de veículos automotores e motocicletas",1501.85
"273","2020/4T","Fundamental completo ou equivalente","Comércio, reparação de veículos automotores e motocicletas",1750
"274","2020/4T","Médio incompleto ou equivalente","Comércio, reparação de veículos automotores e motocicletas",1453.93
"275","2020/4T","Médio completo ou equivalente","Comércio, reparação de veículos automotores e motocicletas",1741.57
"276","2020/4T","Superior incompleto ou equivalente","Comércio, reparação de veículos automotores e motocicletas",2354.03
"277","2020/4T","Superior completo","Comércio, reparação de veículos automotores e motocicletas",3479.13
"278","2020/4T","Sem instrução e menos de 1 ano de estudo","Transporte, armazenagem e correio ",978.7
"279","2020/4T","Fundamental incompleto ou equivalente","Transporte, armazenagem e correio ",1774.86
"280","2020/4T","Fundamental completo ou equivalente","Transporte, armazenagem e correio ",1988.95
"281","2020/4T","Médio incompleto ou equivalente","Transporte, armazenagem e correio ",1831.35
"282","2020/4T","Médio completo ou equivalente","Transporte, armazenagem e correio ",2009.91
"283","2020/4T","Superior incompleto ou equivalente","Transporte, armazenagem e correio ",2768.05
"284","2020/4T","Superior completo","Transporte, armazenagem e correio ",3667.45
"285","2020/4T","Sem instrução e menos de 1 ano de estudo","Informação, comunicação e atividades financeiras, imobiliárias, profissionais e administrativas",1718.5
"286","2020/4T","Fundamental incompleto ou equivalente","Informação, comunicação e atividades financeiras, imobiliárias, profissionais e administrativas",1398.55
"287","2020/4T","Fundamental completo ou equivalente","Informação, comunicação e atividades financeiras, imobiliárias, profissionais e administrativas",1646.68
"288","2020/4T","Médio incompleto ou equivalente","Informação, comunicação e atividades financeiras, imobiliárias, profissionais e administrativas",1542.35
"289","2020/4T","Médio completo ou equivalente","Informação, comunicação e atividades financeiras, imobiliárias, profissionais e administrativas",1887.31
"290","2020/4T","Superior incompleto ou equivalente","Informação, comunicação e atividades financeiras, imobiliárias, profissionais e administrativas",2449.1
"291","2020/4T","Superior completo","Informação, comunicação e atividades financeiras, imobiliárias, profissionais e administrativas",5597.95
"292","2020/4T","Sem instrução e menos de 1 ano de estudo","Administração pública, defesa e seguridade social ",2755.99
"293","2020/4T","Fundamental incompleto ou equivalente","Administração pública, defesa e seguridade social ",1394.71
"294","2020/4T","Fundamental completo ou equivalente","Administração pública, defesa e seguridade social ",1796.13
"295","2020/4T","Médio incompleto ou equivalente","Administração pública, defesa e seguridade social ",1439.82
"296","2020/4T","Médio completo ou equivalente","Administração pública, defesa e seguridade social ",2103.83
"297","2020/4T","Superior incompleto ou equivalente","Administração pública, defesa e seguridade social ",2144.22
"298","2020/4T","Superior completo","Administração pública, defesa e seguridade social ",5390.35
"299","2020/4T","Sem instrução e menos de 1 ano de estudo","Outros Serviços",867.6
"300","2020/4T","Fundamental incompleto ou equivalente","Outros Serviços",998.76
"301","2020/4T","Fundamental completo ou equivalente","Outros Serviços",1129.18
"302","2020/4T","Médio incompleto ou equivalente","Outros Serviços",1036.38
"303","2020/4T","Médio completo ou equivalente","Outros Serviços",1306.57
"304","2020/4T","Superior incompleto ou equivalente","Outros Serviços",1808.89
"305","2020/4T","Superior completo","Outros Serviços",3220.21
"306","2020/4T","Sem instrução e menos de 1 ano de estudo","Atividades mal definidas",955.3
"307","2020/4T","Fundamental incompleto ou equivalente","Atividades mal definidas",2425.45
"308","2020/4T","Fundamental completo ou equivalente","Atividades mal definidas",3796.19
"309","2020/4T","Médio incompleto ou equivalente","Atividades mal definidas",1390.58
"310","2020/4T","Médio completo ou equivalente","Atividades mal definidas",1940.89
"311","2020/4T","Superior incompleto ou equivalente","Atividades mal definidas",3392.5
"312","2020/4T","Superior completo","Atividades mal definidas",2238.07
"313","2021/1T","Sem instrução e menos de 1 ano de estudo","Agricultura, pecuária, produção florestal, pesca e aquicultura",800.84
"314","2021/1T","Fundamental incompleto ou equivalente","Agricultura, pecuária, produção florestal, pesca e aquicultura",1238.47
"315","2021/1T","Fundamental completo ou equivalente","Agricultura, pecuária, produção florestal, pesca e aquicultura",1571.74
"316","2021/1T","Médio incompleto ou equivalente","Agricultura, pecuária, produção florestal, pesca e aquicultura",1376.82
"317","2021/1T","Médio completo ou equivalente","Agricultura, pecuária, produção florestal, pesca e aquicultura",1803.88
"318","2021/1T","Superior incompleto ou equivalente","Agricultura, pecuária, produção florestal, pesca e aquicultura",2714.73
"319","2021/1T","Superior completo","Agricultura, pecuária, produção florestal, pesca e aquicultura",4972.94
"320","2021/1T","Sem instrução e menos de 1 ano de estudo","Indústria geral",999.09
"321","2021/1T","Fundamental incompleto ou equivalente","Indústria geral",1407.99
"322","2021/1T","Fundamental completo ou equivalente","Indústria geral",1614.5
"323","2021/1T","Médio incompleto ou equivalente","Indústria geral",1582.46
"324","2021/1T","Médio completo ou equivalente","Indústria geral",1961.55
"325","2021/1T","Superior incompleto ou equivalente","Indústria geral",2779.16
"326","2021/1T","Superior completo","Indústria geral",5556.1
"327","2021/1T","Sem instrução e menos de 1 ano de estudo","Construção",1138.59
"328","2021/1T","Fundamental incompleto ou equivalente","Construção",1397.93
"329","2021/1T","Fundamental completo ou equivalente","Construção",1502.23
"330","2021/1T","Médio incompleto ou equivalente","Construção",1405.42
"331","2021/1T","Médio completo ou equivalente","Construção",1708.06
"332","2021/1T","Superior incompleto ou equivalente","Construção",2392.13
"333","2021/1T","Superior completo","Construção",5177.65
"334","2021/1T","Sem instrução e menos de 1 ano de estudo","Comércio, reparação de veículos automotores e motocicletas",1029.37
"335","2021/1T","Fundamental incompleto ou equivalente","Comércio, reparação de veículos automotores e motocicletas",1446.72
"336","2021/1T","Fundamental completo ou equivalente","Comércio, reparação de veículos automotores e motocicletas",1736.56
"337","2021/1T","Médio incompleto ou equivalente","Comércio, reparação de veículos automotores e motocicletas",1446.78
"338","2021/1T","Médio completo ou equivalente","Comércio, reparação de veículos automotores e motocicletas",1780.53
"339","2021/1T","Superior incompleto ou equivalente","Comércio, reparação de veículos automotores e motocicletas",2199.15
"340","2021/1T","Superior completo","Comércio, reparação de veículos automotores e motocicletas",3619.53
"341","2021/1T","Sem instrução e menos de 1 ano de estudo","Transporte, armazenagem e correio ",1018.34
"342","2021/1T","Fundamental incompleto ou equivalente","Transporte, armazenagem e correio ",1825.13
"343","2021/1T","Fundamental completo ou equivalente","Transporte, armazenagem e correio ",2140.26
"344","2021/1T","Médio incompleto ou equivalente","Transporte, armazenagem e correio ",2012.64
"345","2021/1T","Médio completo ou equivalente","Transporte, armazenagem e correio ",1982.89
"346","2021/1T","Superior incompleto ou equivalente","Transporte, armazenagem e correio ",2379
"347","2021/1T","Superior completo","Transporte, armazenagem e correio ",4219.18
"348","2021/1T","Sem instrução e menos de 1 ano de estudo","Informação, comunicação e atividades financeiras, imobiliárias, profissionais e administrativas",1492.12
"349","2021/1T","Fundamental incompleto ou equivalente","Informação, comunicação e atividades financeiras, imobiliárias, profissionais e administrativas",1360.03
"350","2021/1T","Fundamental completo ou equivalente","Informação, comunicação e atividades financeiras, imobiliárias, profissionais e administrativas",1681.78
"351","2021/1T","Médio incompleto ou equivalente","Informação, comunicação e atividades financeiras, imobiliárias, profissionais e administrativas",1860.75
"352","2021/1T","Médio completo ou equivalente","Informação, comunicação e atividades financeiras, imobiliárias, profissionais e administrativas",1942.01
"353","2021/1T","Superior incompleto ou equivalente","Informação, comunicação e atividades financeiras, imobiliárias, profissionais e administrativas",2554.28
"354","2021/1T","Superior completo","Informação, comunicação e atividades financeiras, imobiliárias, profissionais e administrativas",5375.12
"355","2021/1T","Sem instrução e menos de 1 ano de estudo","Administração pública, defesa e seguridade social ",1825.43
"356","2021/1T","Fundamental incompleto ou equivalente","Administração pública, defesa e seguridade social ",1520.03
"357","2021/1T","Fundamental completo ou equivalente","Administração pública, defesa e seguridade social ",1589.81
"358","2021/1T","Médio incompleto ou equivalente","Administração pública, defesa e seguridade social ",1678.81
"359","2021/1T","Médio completo ou equivalente","Administração pública, defesa e seguridade social ",2142.13
"360","2021/1T","Superior incompleto ou equivalente","Administração pública, defesa e seguridade social ",2374.54
"361","2021/1T","Superior completo","Administração pública, defesa e seguridade social ",5665.57
"362","2021/1T","Sem instrução e menos de 1 ano de estudo","Outros Serviços",803.85
"363","2021/1T","Fundamental incompleto ou equivalente","Outros Serviços",1020.63
"364","2021/1T","Fundamental completo ou equivalente","Outros Serviços",1558.18
"365","2021/1T","Médio incompleto ou equivalente","Outros Serviços",1070.37
"366","2021/1T","Médio completo ou equivalente","Outros Serviços",1302.01
"367","2021/1T","Superior incompleto ou equivalente","Outros Serviços",1793.7
"368","2021/1T","Superior completo","Outros Serviços",3353.59
"369","2021/1T","Sem instrução e menos de 1 ano de estudo","Atividades mal definidas",2079.58
"370","2021/1T","Fundamental incompleto ou equivalente","Atividades mal definidas",1072.84
"371","2021/1T","Fundamental completo ou equivalente","Atividades mal definidas",11000
"372","2021/1T","Médio incompleto ou equivalente","Atividades mal definidas",1011.3
"373","2021/1T","Médio completo ou equivalente","Atividades mal definidas",1471.65
"374","2021/1T","Superior incompleto ou equivalente","Atividades mal definidas",1218.08
"375","2021/1T","Superior completo","Atividades mal definidas",3503.33
"376","2021/2T","Sem instrução e menos de 1 ano de estudo","Agricultura, pecuária, produção florestal, pesca e aquicultura",741.28
"377","2021/2T","Fundamental incompleto ou equivalente","Agricultura, pecuária, produção florestal, pesca e aquicultura",1276.3
"378","2021/2T","Fundamental completo ou equivalente","Agricultura, pecuária, produção florestal, pesca e aquicultura",1600.94
"379","2021/2T","Médio incompleto ou equivalente","Agricultura, pecuária, produção florestal, pesca e aquicultura",1463.46
"380","2021/2T","Médio completo ou equivalente","Agricultura, pecuária, produção florestal, pesca e aquicultura",1796.96
"381","2021/2T","Superior incompleto ou equivalente","Agricultura, pecuária, produção florestal, pesca e aquicultura",4337.52
"382","2021/2T","Superior completo","Agricultura, pecuária, produção florestal, pesca e aquicultura",5405.59
"383","2021/2T","Sem instrução e menos de 1 ano de estudo","Indústria geral",1162.05
"384","2021/2T","Fundamental incompleto ou equivalente","Indústria geral",1419.58
"385","2021/2T","Fundamental completo ou equivalente","Indústria geral",1701.83
"386","2021/2T","Médio incompleto ou equivalente","Indústria geral",1531.53
"387","2021/2T","Médio completo ou equivalente","Indústria geral",1955.47
"388","2021/2T","Superior incompleto ou equivalente","Indústria geral",3095.33
"389","2021/2T","Superior completo","Indústria geral",5624.66
"390","2021/2T","Sem instrução e menos de 1 ano de estudo","Construção",1224.11
"391","2021/2T","Fundamental incompleto ou equivalente","Construção",1433.98
"392","2021/2T","Fundamental completo ou equivalente","Construção",1584.84
"393","2021/2T","Médio incompleto ou equivalente","Construção",1466.82
"394","2021/2T","Médio completo ou equivalente","Construção",1777.17
"395","2021/2T","Superior incompleto ou equivalente","Construção",2293.65
"396","2021/2T","Superior completo","Construção",5041.53
"397","2021/2T","Sem instrução e menos de 1 ano de estudo","Comércio, reparação de veículos automotores e motocicletas",1110.25
"398","2021/2T","Fundamental incompleto ou equivalente","Comércio, reparação de veículos automotores e motocicletas",1466.94
"399","2021/2T","Fundamental completo ou equivalente","Comércio, reparação de veículos automotores e motocicletas",1607.55
"400","2021/2T","Médio incompleto ou equivalente","Comércio, reparação de veículos automotores e motocicletas",1474.67
"401","2021/2T","Médio completo ou equivalente","Comércio, reparação de veículos automotores e motocicletas",1787.31
"402","2021/2T","Superior incompleto ou equivalente","Comércio, reparação de veículos automotores e motocicletas",2110.66
"403","2021/2T","Superior completo","Comércio, reparação de veículos automotores e motocicletas",3583.04
"404","2021/2T","Sem instrução e menos de 1 ano de estudo","Transporte, armazenagem e correio ",1294.99
"405","2021/2T","Fundamental incompleto ou equivalente","Transporte, armazenagem e correio ",1840.37
"406","2021/2T","Fundamental completo ou equivalente","Transporte, armazenagem e correio ",1966.6
"407","2021/2T","Médio incompleto ou equivalente","Transporte, armazenagem e correio ",1880.27
"408","2021/2T","Médio completo ou equivalente","Transporte, armazenagem e correio ",1972.79
"409","2021/2T","Superior incompleto ou equivalente","Transporte, armazenagem e correio ",2403.28
"410","2021/2T","Superior completo","Transporte, armazenagem e correio ",4126.09
"411","2021/2T","Sem instrução e menos de 1 ano de estudo","Informação, comunicação e atividades financeiras, imobiliárias, profissionais e administrativas",1429.89
"412","2021/2T","Fundamental incompleto ou equivalente","Informação, comunicação e atividades financeiras, imobiliárias, profissionais e administrativas",1431.62
"413","2021/2T","Fundamental completo ou equivalente","Informação, comunicação e atividades financeiras, imobiliárias, profissionais e administrativas",1698.65
"414","2021/2T","Médio incompleto ou equivalente","Informação, comunicação e atividades financeiras, imobiliárias, profissionais e administrativas",1571.8
"415","2021/2T","Médio completo ou equivalente","Informação, comunicação e atividades financeiras, imobiliárias, profissionais e administrativas",1916.45
"416","2021/2T","Superior incompleto ou equivalente","Informação, comunicação e atividades financeiras, imobiliárias, profissionais e administrativas",2619.51
"417","2021/2T","Superior completo","Informação, comunicação e atividades financeiras, imobiliárias, profissionais e administrativas",5647.05
"418","2021/2T","Sem instrução e menos de 1 ano de estudo","Administração pública, defesa e seguridade social ",2142.68
"419","2021/2T","Fundamental incompleto ou equivalente","Administração pública, defesa e seguridade social ",1536.75
"420","2021/2T","Fundamental completo ou equivalente","Administração pública, defesa e seguridade social ",1642.85
"421","2021/2T","Médio incompleto ou equivalente","Administração pública, defesa e seguridade social ",1443.3
"422","2021/2T","Médio completo ou equivalente","Administração pública, defesa e seguridade social ",2230.36
"423","2021/2T","Superior incompleto ou equivalente","Administração pública, defesa e seguridade social ",2192.33
"424","2021/2T","Superior completo","Administração pública, defesa e seguridade social ",5527.38
"425","2021/2T","Sem instrução e menos de 1 ano de estudo","Outros Serviços",848.6
"426","2021/2T","Fundamental incompleto ou equivalente","Outros Serviços",1030.62
"427","2021/2T","Fundamental completo ou equivalente","Outros Serviços",1139.11
"428","2021/2T","Médio incompleto ou equivalente","Outros Serviços",1138.55
"429","2021/2T","Médio completo ou equivalente","Outros Serviços",1324.59
"430","2021/2T","Superior incompleto ou equivalente","Outros Serviços",1725.96
"431","2021/2T","Superior completo","Outros Serviços",3025.72
"432","2021/2T","Sem instrução e menos de 1 ano de estudo","Atividades mal definidas",706.28
"433","2021/2T","Fundamental incompleto ou equivalente","Atividades mal definidas",1077.02
"434","2021/2T","Fundamental completo ou equivalente","Atividades mal definidas",1918.66
"435","2021/2T","Médio incompleto ou equivalente","Atividades mal definidas",1028.22
"436","2021/2T","Médio completo ou equivalente","Atividades mal definidas",2119.07
"437","2021/2T","Superior incompleto ou equivalente","Atividades mal definidas",1272.31
"438","2021/2T","Superior completo","Atividades mal definidas",1960.89
